Barcode,Cluster
AAACCTGAGTGAAGAG-1,2
AAACCTGCAAACCTAC-1,2
AAACCTGCACTGCCAG-1,1
AAACCTGCAGGTGCCT-1,1
AAACCTGCAGTAACGG-1,2
AAACCTGGTGCCTGCA-1,3
AAACCTGTCGGCATCG-1,2
AAACGGGAGAAGGTGA-1,1
AAACGGGAGACAAAGG-1,1
AAACGGGAGACACGAC-1,1
AAACGGGAGCTAACTC-1,2
AAACGGGAGGGTCTCC-1,1
AAACGGGAGTGTGAAT-1,3
AAACGGGCAAACGTGG-1,2
AAACGGGCATTCCTCG-1,3
AAACGGGGTCTGCAAT-1,2
AAACGGGGTGGTCTCG-1,1
AAACGGGGTTAAGAAC-1,7
AAACGGGGTTGCCTCT-1,2
AAACGGGTCCAAAGTC-1,2
AAACGGGTCGCCTGAG-1,1
AAACGGGTCGGCTACG-1,1
AAACGGGTCTGTTGAG-1,2
AAAGATGAGAGGGCTT-1,3
AAAGATGAGAGGTAGA-1,1
AAAGATGCAAGCCATT-1,1
AAAGATGCAGGGATTG-1,1
AAAGATGCATGTAGTC-1,3
AAAGATGGTCGTCTTC-1,3
AAAGATGGTTCAGCGC-1,2
AAAGATGTCCAAACTG-1,1
AAAGATGTCGCCGTGA-1,2
AAAGCAAAGACGCTTT-1,1
AAAGCAAAGTGGACGT-1,2
AAAGCAACAAGTCATC-1,1
AAAGCAAGTCAAGCGA-1,2
AAAGCAAGTCAATACC-1,2
AAAGCAAGTCGGCTCA-1,2
AAAGCAAGTCTCCACT-1,1
AAAGCAAGTTGCTCCT-1,1
AAAGCAATCACAATGC-1,1
AAAGCAATCACGACTA-1,2
AAAGCAATCGTTTATC-1,3
AAAGTAGAGAACAATC-1,1
AAAGTAGAGCGATGAC-1,3
AAAGTAGGTAGCGCAA-1,2
AAATGCCAGCCCAATT-1,1
AAATGCCAGTGCGTGA-1,2
AAATGCCCAAGCCATT-1,1
AAATGCCCAAGCGTAG-1,1
AAATGCCCATTAACCG-1,1
AAATGCCGTAAGTGGC-1,1
AAATGCCGTCAACTGT-1,1
AACACGTAGAACAATC-1,1
AACACGTAGACTAAGT-1,1
AACACGTAGACTAGGC-1,3
AACACGTAGAGTTGGC-1,2
AACACGTAGGCTCATT-1,3
AACACGTAGGCTCTTA-1,1
AACACGTAGGGCTTGA-1,2
AACACGTAGTGCAAGC-1,2
AACACGTCAGTAAGAT-1,1
AACACGTGTCGCTTTC-1,1
AACACGTGTTACCAGT-1,2
AACACGTGTTCGAATC-1,1
AACACGTTCAGCTCGG-1,1
AACACGTTCTGCTTGC-1,2
AACACGTTCTGTGCAA-1,2
AACCATGAGAATGTTG-1,2
AACCATGAGAGCTGCA-1,2
AACCATGAGGGTGTGT-1,1
AACCATGAGTTCGATC-1,2
AACCATGCACAGATTC-1,1
AACCATGCAGGCAGTA-1,1
AACCATGCAGTCCTTC-1,1
AACCATGCATGCCTTC-1,1
AACCATGGTCCAAGTT-1,1
AACCATGGTCTCTCGT-1,1
AACCATGGTTAAGATG-1,1
AACCATGGTTTGACTG-1,2
AACCATGTCACTCCTG-1,1
AACCATGTCTACTATC-1,4
AACCGCGAGATAGCAT-1,1
AACCGCGAGGGATACC-1,2
AACCGCGAGTCGAGTG-1,1
AACCGCGAGTCGCCGT-1,2
AACCGCGCAGGACGTA-1,3
AACCGCGCATATGCTG-1,1
AACCGCGGTATTCTCT-1,1
AACCGCGGTCCGTTAA-1,1
AACCGCGGTTAAGGGC-1,1
AACCGCGTCCCAAGAT-1,1
AACCGCGTCCTTGACC-1,2
AACCGCGTCGGGAGTA-1,1
AACGTTGAGCACACAG-1,1
AACGTTGAGCCAGGAT-1,2
AACGTTGAGGTGTTAA-1,1
AACGTTGAGTGAACAT-1,1
AACGTTGCAAACAACA-1,1
AACGTTGCAACACGCC-1,3
AACGTTGCACGGATAG-1,2
AACGTTGGTACAAGTA-1,1
AACGTTGGTCACTGGC-1,1
AACGTTGGTGCACCAC-1,1
AACGTTGGTGTTCGAT-1,1
AACGTTGTCATAACCG-1,2
AACGTTGTCCTTTCGG-1,3
AACGTTGTCTGCGGCA-1,1
AACTCAGAGCTATGCT-1,1
AACTCAGAGCTGTCTA-1,1
AACTCAGAGGCGACAT-1,1
AACTCAGAGTGCCATT-1,1
AACTCAGAGTTAACGA-1,1
AACTCAGCACAGGCCT-1,1
AACTCAGCACGTGAGA-1,3
AACTCAGCAGGCTCAC-1,2
AACTCAGGTGTAATGA-1,2
AACTCAGTCTGTCCGT-1,3
AACTCCCAGAGCCTAG-1,2
AACTCCCAGCAGATCG-1,1
AACTCCCAGGTGTTAA-1,4
AACTCCCAGTGCTGCC-1,1
AACTCCCCAACGATGG-1,1
AACTCCCGTCGAGTTT-1,1
AACTCCCGTCTCATCC-1,1
AACTCCCGTGATGATA-1,1
AACTCTTAGATGCCAG-1,1
AACTCTTAGCGTGAGT-1,1
AACTCTTAGTACGTAA-1,3
AACTCTTAGTTGAGTA-1,1
AACTCTTCAATGTAAG-1,2
AACTCTTCAGACAAAT-1,1
AACTCTTGTACTCGCG-1,1
AACTCTTGTCAGGACA-1,2
AACTCTTGTTCAGACT-1,1
AACTCTTTCCTACAGA-1,2
AACTCTTTCGCATGAT-1,1
AACTGGTAGATGTGTA-1,2
AACTGGTAGGTGCACA-1,1
AACTGGTGTCTCTTAT-1,1
AACTGGTGTCTGGTCG-1,1
AACTGGTGTGCAGTAG-1,1
AACTGGTGTTAGTGGG-1,1
AACTGGTTCCACGAAT-1,1
AACTGGTTCCTGCCAT-1,1
AACTTTCAGGAGTCTG-1,2
AACTTTCAGGCAGTCA-1,1
AACTTTCCAGTAAGCG-1,1
AACTTTCCATAAAGGT-1,1
AACTTTCCATGAGCGA-1,1
AACTTTCGTCAGATAA-1,1
AACTTTCGTCAGCTAT-1,2
AACTTTCGTCATCCCT-1,3
AACTTTCGTTATGCGT-1,3
AACTTTCTCTGTACGA-1,1
AACTTTCTCTTTCCTC-1,1
AAGACCTAGAGCAATT-1,1
AAGACCTAGCCACGTC-1,1
AAGACCTCACCTCGTT-1,1
AAGACCTCAGTATGCT-1,3
AAGACCTCATTACGAC-1,2
AAGACCTGTAGTACCT-1,3
AAGACCTGTTCCCGAG-1,3
AAGCCGCCAAGTTAAG-1,1
AAGCCGCCACAGGCCT-1,1
AAGCCGCCATATGGTC-1,1
AAGCCGCTCACAATGC-1,1
AAGCCGCTCTCTGAGA-1,3
AAGGAGCAGACTGTAA-1,1
AAGGAGCAGCCACGTC-1,1
AAGGAGCAGCGATTCT-1,2
AAGGAGCAGCGCCTCA-1,2
AAGGAGCCACATTCGA-1,1
AAGGAGCCAGACGCTC-1,3
AAGGAGCGTACCGAGA-1,1
AAGGAGCGTATCACCA-1,1
AAGGAGCGTCGGATCC-1,1
AAGGAGCGTCGGGTCT-1,1
AAGGAGCGTCTGATTG-1,1
AAGGAGCGTGAAAGAG-1,4
AAGGAGCGTGAAATCA-1,1
AAGGAGCGTTCACGGC-1,1
AAGGAGCTCAAACGGG-1,2
AAGGAGCTCATTTGGG-1,3
AAGGAGCTCTTGAGAC-1,3
AAGGCAGAGAAGGTGA-1,2
AAGGCAGAGACAGGCT-1,1
AAGGCAGAGCAGACTG-1,1
AAGGCAGAGGGCTTCC-1,1
AAGGCAGAGTGGAGAA-1,1
AAGGCAGCACCTATCC-1,1
AAGGCAGCACGGATAG-1,1
AAGGCAGGTGCAACTT-1,3
AAGGCAGGTGTCCTCT-1,2
AAGGCAGGTGTGAAAT-1,2
AAGGCAGTCAGGATCT-1,3
AAGGCAGTCGCATGAT-1,2
AAGGTTCAGACTAGGC-1,1
AAGGTTCAGTCTCGGC-1,1
AAGGTTCAGTCTTGCA-1,1
AAGGTTCAGTTGAGTA-1,2
AAGGTTCCACGTCTCT-1,3
AAGGTTCCAGACTCGC-1,1
AAGGTTCCAGCCTATA-1,1
AAGGTTCCAGGGTACA-1,2
AAGGTTCCATTTGCCC-1,1
AAGGTTCGTCATTAGC-1,2
AAGGTTCGTGGTTTCA-1,4
AAGGTTCTCACTCCTG-1,2
AAGTCTGAGACTAAGT-1,1
AAGTCTGAGTATTGGA-1,1
AAGTCTGAGTGGAGAA-1,2
AAGTCTGCACCTGGTG-1,1
AAGTCTGCATGAGCGA-1,5
AAGTCTGTCGCGCCAA-1,1
AATCCAGAGTCTCGGC-1,2
AATCCAGCAAGGTTCT-1,1
AATCCAGCACGGCTAC-1,1
AATCCAGGTAAACCTC-1,1
AATCCAGGTCCAAGTT-1,1
AATCCAGGTCGAAAGC-1,2
AATCCAGGTGACAAAT-1,2
AATCCAGGTTCTGGTA-1,3
AATCCAGTCAGGCAAG-1,1
AATCCAGTCATGTCTT-1,1
AATCCAGTCCGCATCT-1,2
AATCGGTAGGTCGGAT-1,1
AATCGGTGTGTTGGGA-1,1
AATCGGTTCCTTTACA-1,1
AATCGGTTCTCTGAGA-1,1
ACACCAAAGCCAGTAG-1,1
ACACCAAAGCCTATGT-1,2
ACACCAAAGCTTCGCG-1,1
ACACCAAAGGAGTCTG-1,1
ACACCAAAGGCATTGG-1,1
ACACCAAAGTGCCAGA-1,1
ACACCAAAGTTACCCA-1,2
ACACCAACAGACGCTC-1,4
ACACCAAGTACTCGCG-1,1
ACACCAAGTCTAGGTT-1,1
ACACCAATCAATAAGG-1,2
ACACCAATCCATGAGT-1,1
ACACCAATCGATGAGG-1,2
ACACCAATCTTTCCTC-1,1
ACACCCTAGATAGTCA-1,1
ACACCCTAGCGTCTAT-1,1
ACACCCTAGCTCAACT-1,2
ACACCCTAGGCAGGTT-1,3
ACACCCTAGGCGACAT-1,1
ACACCCTAGGGCATGT-1,1
ACACCCTCACGTGAGA-1,2
ACACCCTGTGTGGTTT-1,1
ACACCGGAGAATGTGT-1,1
ACACCGGAGATGTTAG-1,1
ACACCGGCACCACCAG-1,3
ACACCGGCAGCTGTAT-1,2
ACACCGGGTGAGGGAG-1,3
ACACCGGGTTCTGTTT-1,2
ACACCGGGTTGAACTC-1,1
ACACCGGTCCGTCATC-1,1
ACACCGGTCCTTGCCA-1,2
ACACCGGTCGGCATCG-1,2
ACACTGAAGAGTGACC-1,1
ACACTGAAGAGTGAGA-1,1
ACACTGAAGGATGCGT-1,2
ACACTGAAGGGCTCTC-1,1
ACACTGAGTCCATGAT-1,3
ACACTGAGTCTTCTCG-1,1
ACACTGAGTGAAAGAG-1,1
ACACTGAGTGTAAGTA-1,1
ACACTGAGTTCCACAA-1,1
ACACTGATCGGAAACG-1,1
ACACTGATCTCAAACG-1,1
ACAGCCGAGGAGTCTG-1,1
ACAGCCGAGGTGCAAC-1,2
ACAGCCGCAGGACCCT-1,1
ACAGCCGCATACAGCT-1,1
ACAGCCGGTCGGGTCT-1,1
ACAGCCGGTGAGGGTT-1,1
ACAGCCGGTGCGAAAC-1,1
ACAGCCGGTGGGTCAA-1,1
ACAGCCGTCACCGGGT-1,3
ACAGCCGTCCCACTTG-1,3
ACAGCTAAGACTTGAA-1,2
ACAGCTACACGTAAGG-1,1
ACAGCTACACTATCTT-1,2
ACAGCTACAGACGCCT-1,1
ACAGCTAGTCACAAGG-1,1
ACAGCTAGTCCGTGAC-1,1
ACAGCTAGTGAGGCTA-1,2
ACAGCTATCACAGGCC-1,1
ACAGCTATCTTTAGTC-1,2
ACATACGAGACCGGAT-1,1
ACATACGAGATCACGG-1,2
ACATACGAGGATTCGG-1,1
ACATACGCAAGACGTG-1,1
ACATACGCAGCAGTTT-1,2
ACATACGCATCGGGTC-1,1
ACATACGGTCACACGC-1,1
ACATACGGTGTGACGA-1,3
ACATACGGTTATTCTC-1,2
ACATACGTCAGTCAGT-1,3
ACATCAGAGACTTGAA-1,1
ACATCAGAGCTAGTGG-1,1
ACATCAGCACCATCCT-1,2
ACATCAGCAGTTCATG-1,2
ACATCAGGTGTTGAGG-1,1
ACATCAGGTTAGATGA-1,1
ACATCAGTCAACACTG-1,1
ACATCAGTCTGGGCCA-1,3
ACATGGTAGGTGCACA-1,1
ACATGGTAGTGTTAGA-1,4
ACATGGTGTGCAGTAG-1,1
ACCAGTAAGCACCGCT-1,1
ACCAGTAGTCACCCAG-1,1
ACCAGTATCAAACCAC-1,3
ACCCACTAGAAGAAGC-1,2
ACCCACTAGGTCGGAT-1,2
ACCCACTGTCCGTGAC-1,1
ACCCACTGTGTAAGTA-1,4
ACCGTAAAGAGTACAT-1,2
ACCGTAAAGTATTGGA-1,2
ACCGTAACACACCGAC-1,1
ACCGTAATCACATACG-1,1
ACCGTAATCACGATGT-1,1
ACCGTAATCTCGGACG-1,1
ACCGTAATCTGTCAAG-1,1
ACCTTTAAGCGTAATA-1,1
ACCTTTAAGCTGGAAC-1,2
ACCTTTACAACTGCTA-1,1
ACCTTTACAGGGATTG-1,1
ACCTTTAGTAGCTGCC-1,1
ACCTTTAGTCGCATCG-1,1
ACCTTTAGTGCAACTT-1,1
ACCTTTATCAAACCGT-1,5
ACCTTTATCTAACGGT-1,1
ACGAGCCAGGCATGGT-1,3
ACGAGCCCAATGAAAC-1,1
ACGAGCCCAGACGCCT-1,1
ACGAGCCCATCAGTAC-1,2
ACGAGCCGTCCTGCTT-1,2
ACGAGCCGTTCCACGG-1,3
ACGAGCCTCCTCTAGC-1,1
ACGAGCCTCTTACCTA-1,1
ACGAGGAAGCACGCCT-1,1
ACGAGGAAGGCTCATT-1,1
ACGAGGACAACGATCT-1,3
ACGAGGACAACGCACC-1,1
ACGAGGACAGCCAATT-1,2
ACGAGGACATGCTAGT-1,1
ACGAGGACATTCTTAC-1,1
ACGAGGAGTACGCACC-1,3
ACGAGGAGTCCTCCAT-1,1
ACGAGGAGTCGCGGTT-1,2
ACGAGGAGTCTGGTCG-1,1
ACGAGGAGTTTGGCGC-1,2
ACGAGGATCATTGCGA-1,1
ACGATACAGCTGTCTA-1,4
ACGATACAGGCTATCT-1,1
ACGATACAGGGATGGG-1,2
ACGATACCAAGACGTG-1,2
ACGATACCAAGGTTCT-1,4
ACGATACGTAAGGGAA-1,2
ACGATACGTATGAATG-1,1
ACGATACGTCCGAACC-1,2
ACGATACGTCGCTTCT-1,1
ACGATACGTCTCTCGT-1,3
ACGATACGTGAAATCA-1,2
ACGATACGTGGCAAAC-1,1
ACGATACGTTGTGGAG-1,1
ACGATACTCAGAGGTG-1,1
ACGATACTCGGAAATA-1,4
ACGATGTAGATAGGAG-1,1
ACGATGTAGCACGCCT-1,1
ACGATGTCACATAACC-1,1
ACGATGTGTTACGGAG-1,3
ACGATGTTCAGTCAGT-1,2
ACGCAGCAGATCCCGC-1,2
ACGCAGCAGTAGTGCG-1,1
ACGCAGCCAGCTGTGC-1,3
ACGCAGCCATCTATGG-1,1
ACGCAGCGTCTCCCTA-1,3
ACGCAGCGTGCAACGA-1,1
ACGCAGCTCCTTGACC-1,1
ACGCCAGAGGCATTGG-1,1
ACGCCAGAGTGGAGTC-1,1
ACGCCAGAGTTTAGGA-1,1
ACGCCAGCAGACGCCT-1,3
ACGCCAGCATACAGCT-1,1
ACGCCAGCATCACGAT-1,1
ACGCCAGCATCGTCGG-1,3
ACGCCAGCATTAACCG-1,2
ACGCCAGGTGTGCCTG-1,1
ACGCCAGGTGTGCGTC-1,2
ACGCCAGGTTCGTTGA-1,2
ACGCCAGTCACCTCGT-1,2
ACGCCGACAATCAGAA-1,3
ACGCCGACATTAACCG-1,1
ACGCCGAGTACACCGC-1,1
ACGCCGAGTAGCGTCC-1,1
ACGCCGAGTGGAAAGA-1,1
ACGCCGAGTGTTTGTG-1,1
ACGGAGAAGCCAGTAG-1,2
ACGGAGACACGACGAA-1,4
ACGGAGACACGAGGTA-1,1
ACGGAGACACGGCGTT-1,1
ACGGAGACAGACGCAA-1,1
ACGGAGACATGTCTCC-1,1
ACGGAGAGTCTCCCTA-1,1
ACGGAGATCCAAGTAC-1,2
ACGGAGATCCTTGGTC-1,1
ACGGAGATCTATGTGG-1,2
ACGGAGATCTGAGTGT-1,1
ACGGAGATCTGCCAGG-1,1
ACGGCCAAGACAAAGG-1,2
ACGGCCAAGCCTCGTG-1,1
ACGGCCAAGCTGCGAA-1,1
ACGGCCAAGGTGACCA-1,1
ACGGCCACACGGATAG-1,1
ACGGCCACAGTCTTCC-1,1
ACGGCCAGTATAGTAG-1,2
ACGGCCAGTCGAATCT-1,3
ACGGCCATCAAAGTAG-1,1
ACGGCCATCCCGGATG-1,3
ACGGCCATCGTCCAGG-1,1
ACGGCCATCTATCCTA-1,1
ACGGGCTAGTGTACTC-1,1
ACGGGCTCAAGTAATG-1,3
ACGGGCTTCACCGGGT-1,1
ACGGGCTTCCGAAGAG-1,1
ACGGGCTTCTGTCCGT-1,1
ACGGGTCAGACGCTTT-1,1
ACGGGTCAGAGCCTAG-1,1
ACGGGTCAGCAGCGTA-1,1
ACGGGTCAGGTCATCT-1,2
ACGGGTCAGTCCATAC-1,1
ACGGGTCAGTGGGTTG-1,1
ACGGGTCCAATCAGAA-1,1
ACGGGTCCACTTAAGC-1,1
ACGGGTCGTAAGTGTA-1,1
ACGGGTCGTTTGACAC-1,1
ACGGGTCTCATCTGTT-1,2
ACGGGTCTCCTGCTTG-1,1
ACGGGTCTCGCAGGCT-1,1
ACGGGTCTCGGCTTGG-1,1
ACGTCAAAGAGTACAT-1,1
ACGTCAAAGCACACAG-1,2
ACGTCAAAGGTCATCT-1,1
ACGTCAACACCATGTA-1,4
ACGTCAACATTAACCG-1,1
ACGTCAAGTACACCGC-1,1
ACGTCAAGTCCGAGTC-1,1
ACGTCAAGTCGGGTCT-1,1
ACGTCAATCCCATTAT-1,1
ACGTCAATCTTCCTTC-1,1
ACTATCTAGCAGGTCA-1,2
ACTATCTCAATGCCAT-1,1
ACTATCTCAGCGTCCA-1,1
ACTATCTCAGGCAGTA-1,2
ACTATCTCATACTCTT-1,4
ACTATCTGTGAAAGAG-1,1
ACTATCTTCGTTGACA-1,1
ACTGAACAGAGGTTGC-1,2
ACTGAACAGCAGGTCA-1,1
ACTGAACAGGCTCTTA-1,1
ACTGAACAGTTAACGA-1,1
ACTGAACCAAACCTAC-1,1
ACTGAACGTGTTAAGA-1,1
ACTGAACGTTGTCTTT-1,1
ACTGAACTCCACGTTC-1,1
ACTGAACTCGTCCAGG-1,3
ACTGAACTCTGTGCAA-1,2
ACTGAGTAGAAACCGC-1,1
ACTGAGTAGTGAAGAG-1,3
ACTGAGTCACAGCCCA-1,1
ACTGAGTCAGCTCCGA-1,1
ACTGAGTGTGGTGTAG-1,1
ACTGAGTTCAACACGT-1,1
ACTGAGTTCAGCAACT-1,3
ACTGAGTTCCGCAGTG-1,2
ACTGATGCACCTTGTC-1,1
ACTGATGGTCTGATCA-1,2
ACTGATGGTTACGACT-1,2
ACTGATGGTTGGTAAA-1,1
ACTGATGTCGTATCAG-1,1
ACTGATGTCTCCGGTT-1,2
ACTGCTCCAATACGCT-1,2
ACTGCTCCATTCCTGC-1,2
ACTGCTCGTTAAAGAC-1,2
ACTGCTCTCGCTTGTC-1,1
ACTGTCCAGAGTAAGG-1,1
ACTGTCCAGCGATAGC-1,2
ACTGTCCAGTAGGTGC-1,2
ACTGTCCCAAACTGCT-1,1
ACTGTCCCAATTCCTT-1,1
ACTGTCCTCTGAAAGA-1,2
ACTTACTAGATACACA-1,1
ACTTACTAGCCACGTC-1,1
ACTTACTAGGAGTTGC-1,1
ACTTACTCAAAGGAAG-1,1
ACTTACTCACCCTATC-1,2
ACTTACTCATAAAGGT-1,2
ACTTACTCATATACCG-1,3
ACTTACTGTCGCCATG-1,1
ACTTACTGTCTCCATC-1,1
ACTTACTGTGTGACGA-1,3
ACTTACTTCGCCAAAT-1,3
ACTTACTTCGGATGTT-1,2
ACTTACTTCTACCAGA-1,3
ACTTGTTAGACCGGAT-1,1
ACTTGTTAGAGTAATC-1,1
ACTTGTTAGCTAGTGG-1,3
ACTTGTTAGGTAAACT-1,1
ACTTGTTCAAAGTCAA-1,1
ACTTGTTCACTAAGTC-1,2
ACTTGTTCAGAGCCAA-1,1
ACTTGTTCAGATCGGA-1,2
ACTTGTTCAGCGTTCG-1,1
ACTTGTTGTACAGTTC-1,1
ACTTGTTGTAGCGTCC-1,1
ACTTGTTGTCTAGGTT-1,3
ACTTTCAAGGGCTTGA-1,1
ACTTTCAAGTCGATAA-1,2
ACTTTCAAGTGTTGAA-1,1
ACTTTCACATGTAGTC-1,3
ACTTTCAGTAGCACGA-1,1
AGAATAGAGTGCGATG-1,2
AGAATAGCACATGTGT-1,2
AGAATAGCACTCGACG-1,1
AGAATAGCAGACAAGC-1,2
AGAATAGCAGATGGGT-1,1
AGAATAGCAGGACCCT-1,1
AGAATAGCAGGTGCCT-1,3
AGAATAGCATAGAAAC-1,1
AGAATAGCATGACGGA-1,1
AGAATAGGTGATAAGT-1,2
AGAATAGTCACCAGGC-1,1
AGAATAGTCAGTTAGC-1,2
AGACGTTAGATGCCAG-1,2
AGACGTTAGGACTGGT-1,1
AGACGTTAGGCATGGT-1,2
AGACGTTAGGTGATAT-1,2
AGACGTTCAAGCCGCT-1,1
AGACGTTCATCCTAGA-1,2
AGACGTTGTTATGCGT-1,1
AGACGTTTCAACCAAC-1,1
AGACGTTTCCGAGCCA-1,2
AGACGTTTCGTTTGCC-1,1
AGACGTTTCTACCTGC-1,1
AGAGCGAAGACAGACC-1,3
AGAGCGAAGTCGTACT-1,1
AGAGCGACATAGAAAC-1,1
AGAGCGAGTAAGAGGA-1,1
AGAGCGAGTCCTAGCG-1,1
AGAGCGAGTGGCCCTA-1,2
AGAGCGATCCATGAAC-1,1
AGAGCGATCGGAATCT-1,4
AGAGCGATCTCAAGTG-1,1
AGAGCGATCTGGAGCC-1,3
AGAGCTTAGAGTACCG-1,1
AGAGCTTAGATCGGGT-1,1
AGAGCTTAGTTCGCGC-1,1
AGAGCTTAGTTTCCTT-1,2
AGAGCTTCAAACGCGA-1,1
AGAGCTTCAAGTACCT-1,1
AGAGCTTCACGAAGCA-1,2
AGAGCTTCACGAGGTA-1,1
AGAGCTTCACGGCCAT-1,2
AGAGCTTCACTATCTT-1,1
AGAGCTTCATGCTGGC-1,1
AGAGCTTGTCAGTGGA-1,1
AGAGCTTGTGATGTCT-1,1
AGAGCTTGTTGGTAAA-1,1
AGAGCTTGTTTGGCGC-1,2
AGAGCTTTCCAAGCCG-1,3
AGAGCTTTCCTGCTTG-1,1
AGAGCTTTCTTAACCT-1,3
AGAGTGGAGATCGGGT-1,2
AGAGTGGAGGTGTTAA-1,1
AGAGTGGCAATTGCTG-1,1
AGAGTGGCACCGAATT-1,1
AGAGTGGGTCGCCATG-1,1
AGAGTGGGTGGTCTCG-1,1
AGAGTGGTCCTTGACC-1,1
AGAGTGGTCGCGTAGC-1,1
AGATCTGAGCTGAAAT-1,3
AGATCTGAGTGCAAGC-1,1
AGATCTGCATACGCCG-1,1
AGATCTGCATCTCCCA-1,1
AGATCTGGTGATGCCC-1,2
AGATCTGGTGCAGACA-1,1
AGATCTGGTGGGTCAA-1,1
AGATCTGTCAGTCCCT-1,2
AGATTGCAGAAACGAG-1,1
AGATTGCAGCTTCGCG-1,1
AGATTGCCAAGGACAC-1,1
AGATTGCCACGGTAGA-1,1
AGATTGCGTAGCGATG-1,1
AGATTGCGTCAGAGGT-1,2
AGATTGCGTCTAGCCG-1,2
AGATTGCGTGGCAAAC-1,2
AGATTGCGTTTAAGCC-1,1
AGATTGCTCAACGAAA-1,1
AGATTGCTCTGACCTC-1,1
AGATTGCTCTTTACAC-1,1
AGCAGCCAGCGATCCC-1,1
AGCAGCCAGCTGCCCA-1,1
AGCAGCCAGGTTCCTA-1,2
AGCAGCCGTACTCTCC-1,1
AGCAGCCTCACGCATA-1,1
AGCAGCCTCCAGAAGG-1,2
AGCATACAGCAGGTCA-1,1
AGCATACGTACTTAGC-1,1
AGCATACGTAGTACCT-1,1
AGCATACGTCCTGCTT-1,1
AGCATACTCGCCCTTA-1,2
AGCATACTCGGCTACG-1,2
AGCATACTCGTTTGCC-1,3
AGCCTAAAGAGCTATA-1,1
AGCCTAAAGATGGGTC-1,1
AGCCTAAAGATGTAAC-1,3
AGCCTAAAGCTGAAAT-1,2
AGCCTAAAGGCTAGGT-1,1
AGCCTAAAGTATCTCG-1,3
AGCCTAAAGTGCTGCC-1,2
AGCCTAACACGAAAGC-1,1
AGCCTAAGTCAGAATA-1,1
AGCCTAAGTCGCTTCT-1,1
AGCCTAATCTGCGGCA-1,1
AGCGGTCAGACCCACC-1,2
AGCGGTCAGGGTCTCC-1,1
AGCGGTCCACAAGACG-1,3
AGCGGTCCACGAAAGC-1,1
AGCGGTCCAGGGTTAG-1,1
AGCGGTCTCTTGTCAT-1,4
AGCGTATAGGCGACAT-1,1
AGCGTATAGTGCCATT-1,1
AGCGTATTCACATGCA-1,1
AGCGTATTCCCAGGTG-1,2
AGCGTATTCGCTAGCG-1,1
AGCGTATTCGTACGGC-1,1
AGCGTATTCTTTACAC-1,2
AGCGTCGAGTTAACGA-1,2
AGCGTCGCAAGACACG-1,3
AGCGTCGCAGCGTCCA-1,2
AGCGTCGCAGTAGAGC-1,3
AGCGTCGTCACGAAGG-1,1
AGCGTCGTCATTGCGA-1,1
AGCTCCTAGAGTAATC-1,3
AGCTCCTAGCAGACTG-1,1
AGCTCCTCACCCAGTG-1,1
AGCTCCTCAGTCAGCC-1,2
AGCTCCTCATCACAAC-1,3
AGCTCCTGTCGCTTCT-1,3
AGCTCCTTCACAACGT-1,1
AGCTCTCAGAGGACGG-1,1
AGCTCTCAGCATGGCA-1,1
AGCTCTCAGCTAACTC-1,1
AGCTCTCAGGAATTAC-1,3
AGCTCTCAGTCGAGTG-1,1
AGCTCTCCAAGCGTAG-1,2
AGCTCTCCATGCCTTC-1,2
AGCTCTCGTAGATTAG-1,1
AGCTCTCGTCACAAGG-1,2
AGCTTGAAGGCAGTCA-1,1
AGCTTGACACAAGCCC-1,2
AGCTTGACACGTGAGA-1,1
AGCTTGACAGCTCGAC-1,2
AGCTTGAGTAGATTAG-1,1
AGCTTGAGTATCTGCA-1,2
AGCTTGAGTCTAGTCA-1,3
AGCTTGAGTGCGATAG-1,1
AGCTTGAGTTAAGTAG-1,1
AGCTTGAGTTTGTTGG-1,2
AGCTTGATCCTAAGTG-1,1
AGCTTGATCGTCCAGG-1,3
AGCTTGATCGTGGGAA-1,1
AGGCCACAGACGCTTT-1,2
AGGCCACAGAGCAATT-1,2
AGGCCACCAAGCGATG-1,3
AGGCCACCACAACGCC-1,1
AGGCCGTAGAGCTATA-1,1
AGGCCGTAGGTGTGGT-1,1
AGGCCGTCATAGTAAG-1,1
AGGCCGTTCATAACCG-1,2
AGGCCGTTCATCACCC-1,1
AGGCCGTTCCTATTCA-1,1
AGGCCGTTCGGCGCAT-1,1
AGGGAGTAGCCAGGAT-1,1
AGGGAGTAGTAGGCCA-1,1
AGGGAGTCAAACTGCT-1,1
AGGGAGTCATACGCTA-1,3
AGGGAGTTCAGTGTTG-1,1
AGGGAGTTCTAACTGG-1,1
AGGGATGAGAGTCTGG-1,1
AGGGATGAGTGTCCAT-1,2
AGGGATGCACGGCCAT-1,1
AGGGATGCATTCCTCG-1,3
AGGGATGGTCGCATCG-1,2
AGGGATGGTGCAACGA-1,1
AGGGATGGTGTGCGTC-1,1
AGGGTGAAGAGCTGCA-1,1
AGGGTGAAGCGTGAGT-1,1
AGGGTGAAGTCCAGGA-1,2
AGGGTGACACAACGCC-1,1
AGGGTGACACAGTCGC-1,1
AGGGTGACAGTATCTG-1,1
AGGGTGACATCCTAGA-1,1
AGGGTGAGTTCCATGA-1,2
AGGGTGATCCGCATCT-1,3
AGGTCATAGCCCAACC-1,2
AGGTCATAGCGCTTAT-1,1
AGGTCATAGCTATGCT-1,1
AGGTCATAGTGGGATC-1,1
AGGTCATAGTTACGGG-1,2
AGGTCATCACGACTCG-1,1
AGGTCATCAGTCGTGC-1,1
AGGTCATCATGCTGGC-1,1
AGGTCATCATGTCCTC-1,6
AGGTCATGTCGTCTTC-1,1
AGGTCATGTGGTCTCG-1,3
AGGTCATTCTCGTATT-1,1
AGGTCATTCTTAGAGC-1,1
AGGTCCGAGAGGTACC-1,2
AGGTCCGAGTGACATA-1,2
AGGTCCGCACATTCGA-1,1
AGGTCCGCACGGCCAT-1,1
AGGTCCGCATCCGGGT-1,1
AGGTCCGGTACACCGC-1,1
AGGTCCGGTCATATGC-1,3
AGGTCCGGTCTTGTCC-1,1
AGGTCCGGTTAAAGAC-1,1
AGGTCCGGTTGCGTTA-1,1
AGGTCCGGTTGGGACA-1,1
AGGTCCGTCAGATAAG-1,1
AGGTCCGTCAGCGATT-1,1
AGGTCCGTCATTTGGG-1,1
AGGTCCGTCGCGATCG-1,2
AGTAGTCAGCCACGTC-1,3
AGTAGTCAGCTTTGGT-1,2
AGTAGTCAGTATGACA-1,1
AGTAGTCCAAGCGAGT-1,2
AGTAGTCCAAGGTTCT-1,3
AGTAGTCCATTGGTAC-1,1
AGTAGTCGTCATACTG-1,1
AGTAGTCTCGGACAAG-1,1
AGTAGTCTCTTCTGGC-1,1
AGTCTTTAGAAGGACA-1,1
AGTCTTTAGGAATGGA-1,1
AGTCTTTAGTGTCCCG-1,1
AGTCTTTCATGGTTGT-1,1
AGTCTTTGTCTCATCC-1,3
AGTCTTTGTGCAGGTA-1,3
AGTCTTTGTTAAGGGC-1,2
AGTCTTTTCGTTTATC-1,1
AGTGAGGAGCGTGTCC-1,1
AGTGAGGAGCTGATAA-1,1
AGTGAGGAGGAGCGTT-1,1
AGTGAGGCAATGGACG-1,3
AGTGAGGCATGTCCTC-1,1
AGTGAGGCATTGGTAC-1,2
AGTGAGGGTGCGGTAA-1,1
AGTGAGGGTTATGCGT-1,3
AGTGAGGTCAGCCTAA-1,4
AGTGAGGTCCTCGCAT-1,3
AGTGAGGTCGGTTCGG-1,2
AGTGGGAAGGTCATCT-1,1
AGTGGGACAACTGGCC-1,1
AGTGGGACAAGAGGCT-1,3
AGTGGGACATCCAACA-1,1
AGTGGGAGTAGCTTGT-1,3
AGTGGGAGTCCAAGTT-1,1
AGTGGGAGTTGTACAC-1,3
AGTGGGATCAGCAACT-1,2
AGTGTCAAGACCACGA-1,1
AGTGTCACAGATGGCA-1,1
AGTGTCACAGCCAATT-1,3
AGTGTCACAGGGATTG-1,1
AGTGTCACATAGACTC-1,1
AGTGTCACATGTAGTC-1,1
AGTGTCAGTAAGCACG-1,2
AGTGTCAGTACAGACG-1,1
AGTGTCAGTCATCGGC-1,1
AGTGTCAGTCGATTGT-1,1
AGTGTCAGTGATAAAC-1,1
AGTGTCAGTGATGTGG-1,1
AGTGTCATCATTGCCC-1,1
AGTTGGTAGCCAGGAT-1,3
AGTTGGTAGCTAACAA-1,1
AGTTGGTCAAGCTGTT-1,1
AGTTGGTCACCAGTTA-1,1
AGTTGGTCAGTGGGAT-1,2
AGTTGGTCATTGCGGC-1,1
AGTTGGTGTAGGACAC-1,1
AGTTGGTTCTACCTGC-1,3
ATAACGCAGGTGCTTT-1,2
ATAACGCAGTCCTCCT-1,2
ATAACGCAGTGAACAT-1,2
ATAACGCCATAGTAAG-1,1
ATAACGCGTACCGCTG-1,3
ATAACGCGTTATCCGA-1,4
ATAACGCGTTATCGGT-1,4
ATAACGCTCGGTCTAA-1,3
ATAAGAGAGGACAGCT-1,2
ATAAGAGAGTGTCTCA-1,1
ATAAGAGCAAACGCGA-1,1
ATAAGAGCACGCCAGT-1,1
ATAAGAGCATCACGAT-1,3
ATAAGAGGTCCATGAT-1,1
ATAAGAGGTCTAACGT-1,1
ATAAGAGGTGAAAGAG-1,1
ATAAGAGGTGCAACGA-1,1
ATAAGAGGTGCTGTAT-1,2
ATAAGAGGTTTGACAC-1,1
ATAAGAGTCATCGATG-1,1
ATAAGAGTCGAACGGA-1,1
ATAAGAGTCTCGATGA-1,3
ATAAGAGTCTGCGGCA-1,1
ATAAGAGTCTGGTTCC-1,2
ATAGACCCAGCCAATT-1,1
ATAGACCCATGTTGAC-1,2
ATAGACCGTTAAGACA-1,2
ATAGACCGTTATTCTC-1,2
ATAGACCTCAACGAAA-1,1
ATAGACCTCCGTTGTC-1,3
ATAGACCTCCTGTAGA-1,3
ATCACGAAGACAGACC-1,3
ATCACGAAGACGACGT-1,2
ATCACGAAGTACGTTC-1,1
ATCACGACACAAGACG-1,2
ATCACGACACTGAAGG-1,1
ATCACGACAGGTTTCA-1,1
ATCACGAGTTGGGACA-1,3
ATCACGATCCCTCTTT-1,3
ATCACGATCTGACCTC-1,1
ATCACGATCTGTCTAT-1,2
ATCATCTCAAGTAATG-1,4
ATCATCTCACTGAAGG-1,1
ATCATCTGTAACGACG-1,1
ATCATCTGTATGCTTG-1,2
ATCATCTGTCCGAATT-1,2
ATCATCTGTCCGTGAC-1,1
ATCATCTGTGACGCCT-1,2
ATCATCTGTTGGACCC-1,2
ATCATCTTCGATGAGG-1,2
ATCATGGAGTGTCCCG-1,1
ATCATGGCACTGTCGG-1,1
ATCATGGCAGCTCGAC-1,4
ATCATGGGTACTCTCC-1,1
ATCATGGGTGAACCTT-1,3
ATCCACCAGCTTCGCG-1,2
ATCCACCAGTCAAGGC-1,1
ATCCACCAGTCGAGTG-1,1
ATCCACCCAATGCCAT-1,1
ATCCACCCACCGCTAG-1,3
ATCCACCCATGCAACT-1,1
ATCCACCGTCACCCAG-1,1
ATCCACCGTCGCATCG-1,1
ATCCACCTCACTTACT-1,1
ATCCACCTCCGAATGT-1,2
ATCCACCTCTGTCTAT-1,3
ATCCGAAAGACTGGGT-1,1
ATCCGAAAGACTTTCG-1,2
ATCCGAAAGCTGAAAT-1,1
ATCCGAAAGGATGGAA-1,1
ATCCGAACAAGGTGTG-1,1
ATCCGAACACATGACT-1,2
ATCCGAACAGGATTGG-1,1
ATCCGAAGTACCAGTT-1,1
ATCCGAAGTCCTCTTG-1,1
ATCCGAAGTCTCATCC-1,2
ATCCGAAGTGATGTGG-1,1
ATCCGAAGTGGCAAAC-1,3
ATCCGAATCGACGGAA-1,4
ATCGAGTAGCTACCTA-1,2
ATCGAGTAGCTGTCTA-1,1
ATCGAGTAGGATCGCA-1,2
ATCGAGTAGGGCACTA-1,1
ATCGAGTAGTAATCCC-1,5
ATCGAGTAGTGCGATG-1,1
ATCGAGTCAAACCTAC-1,2
ATCGAGTCAAGCCCAC-1,1
ATCGAGTCACCGCTAG-1,3
ATCGAGTCAGCATGAG-1,3
ATCGAGTCATCGATTG-1,1
ATCGAGTCATTTGCCC-1,2
ATCGAGTGTAAAGGAG-1,2
ATCGAGTGTAAGCACG-1,3
ATCGAGTGTTGAACTC-1,2
ATCGAGTTCGCGCCAA-1,3
ATCGAGTTCTGCAGTA-1,3
ATCTACTAGCGTGTCC-1,2
ATCTACTAGGGCACTA-1,1
ATCTACTGTCTAGTCA-1,3
ATCTACTGTGTGTGCC-1,1
ATCTACTTCTACGAGT-1,3
ATCTGCCAGAGATGAG-1,2
ATCTGCCAGATCGATA-1,3
ATCTGCCCAGACGCCT-1,2
ATCTGCCCAGCTCGCA-1,1
ATCTGCCCATCCAACA-1,4
ATCTGCCCATTTCAGG-1,2
ATCTGCCGTCACACGC-1,1
ATCTGCCGTCCAACTA-1,2
ATCTGCCTCAACCATG-1,1
ATCTGCCTCCTTAATC-1,3
ATGAGGGCAAAGGAAG-1,1
ATGAGGGCAGTAAGCG-1,2
ATGAGGGGTTCCGGCA-1,2
ATGAGGGTCACGCATA-1,2
ATGAGGGTCTGGCGAC-1,1
ATGCGATAGAACTCGG-1,3
ATGCGATAGCTCCTTC-1,2
ATGCGATAGGCTCAGA-1,2
ATGCGATCACGTCTCT-1,4
ATGCGATGTAGCACGA-1,3
ATGCGATGTTCCACAA-1,1
ATGCGATTCAAGGCTT-1,3
ATGCGATTCACAAACC-1,1
ATGCGATTCTCTAAGG-1,1
ATGGGAGAGAGGTAGA-1,2
ATGGGAGAGCGAGAAA-1,2
ATGGGAGAGTCCAGGA-1,3
ATGGGAGCATTGGTAC-1,1
ATGGGAGGTGATGCCC-1,1
ATGGGAGGTGCGATAG-1,3
ATGTGTGAGGAATCGC-1,3
ATGTGTGAGTGTGGCA-1,2
ATGTGTGAGTTACGGG-1,2
ATGTGTGCACTTACGA-1,2
ATGTGTGGTACACCGC-1,2
ATGTGTGGTAGGAGTC-1,3
ATGTGTGGTATTCTCT-1,1
ATGTGTGGTCAGAAGC-1,3
ATGTGTGGTTGAGGTG-1,1
ATGTGTGTCCGGGTGT-1,1
ATGTGTGTCTCGCTTG-1,1
ATTACTCAGGAATTAC-1,1
ATTACTCAGTGCCATT-1,1
ATTACTCAGTTTGCGT-1,1
ATTACTCCAAGCCGCT-1,1
ATTACTCCAGGCGATA-1,1
ATTACTCGTAAACACA-1,3
ATTACTCGTCAATGTC-1,1
ATTACTCGTTACGACT-1,2
ATTACTCGTTGATTCG-1,1
ATTACTCTCAGCTTAG-1,3
ATTACTCTCCAGTATG-1,1
ATTACTCTCCGTCAAA-1,1
ATTATCCAGCGGATCA-1,3
ATTATCCAGCTCTCGG-1,3
ATTATCCAGTAGCGGT-1,1
ATTATCCCAACAACCT-1,2
ATTATCCCAAGCCGCT-1,2
ATTATCCCAGCATACT-1,1
ATTATCCGTCTGCGGT-1,1
ATTATCCGTGTTAAGA-1,2
ATTATCCTCACATAGC-1,1
ATTATCCTCATTGCCC-1,1
ATTATCCTCCCTCTTT-1,2
ATTATCCTCGTAGGAG-1,1
ATTCTACAGTGTTGAA-1,1
ATTCTACCAAACGCGA-1,4
ATTCTACCAAGTCATC-1,1
ATTCTACCAATCGAAA-1,3
ATTCTACCATAGAAAC-1,2
ATTCTACCATGAAGTA-1,3
ATTCTACGTATAAACG-1,1
ATTCTACGTTGAACTC-1,3
ATTCTACGTTGGGACA-1,3
ATTCTACTCAACACTG-1,1
ATTCTACTCATCTGTT-1,1
ATTGGACAGATATGCA-1,1
ATTGGACAGCTAACAA-1,1
ATTGGACGTACCGAGA-1,2
ATTGGACGTTCGCGAC-1,2
ATTGGACTCACTATTC-1,1
ATTGGACTCGGTTAAC-1,2
ATTGGTGAGGAACTGC-1,2
ATTGGTGAGTTTAGGA-1,2
ATTGGTGCATCGGTTA-1,2
ATTGGTGCATGATCCA-1,1
ATTGGTGGTCCAGTGC-1,1
ATTGGTGTCATATCGG-1,1
ATTGGTGTCCTTTACA-1,2
ATTGGTGTCTTATCTG-1,1
ATTTCTGAGAGTAATC-1,1
ATTTCTGAGGTGCTTT-1,2
ATTTCTGAGTTTCCTT-1,2
ATTTCTGCAAGTCTAC-1,1
ATTTCTGCAGACGTAG-1,1
ATTTCTGCAGTATCTG-1,3
ATTTCTGCATGAAGTA-1,2
ATTTCTGGTACCTACA-1,2
ATTTCTGGTTCCCTTG-1,1
ATTTCTGGTTCTGAAC-1,1
ATTTCTGTCAACACTG-1,4
ATTTCTGTCTGGTTCC-1,1
ATTTCTGTCTTACCGC-1,1
CAACCAAAGCGAAGGG-1,1
CAACCAACACCTCGTT-1,1
CAACCAAGTGATGTCT-1,1
CAACCAAGTGGTAACG-1,1
CAACCAATCAGTACGT-1,1
CAACCAATCTACTCAT-1,1
CAACCTCAGATATGGT-1,1
CAACCTCAGATCCCAT-1,1
CAACCTCAGCAATATG-1,2
CAACCTCAGGTAGCCA-1,1
CAACCTCAGTGGAGTC-1,2
CAACCTCCAATTGCTG-1,1
CAACCTCCAGCTCGAC-1,2
CAACCTCCATACTACG-1,1
CAACCTCCATCCAACA-1,3
CAACCTCGTACCGAGA-1,1
CAACCTCGTTGTACAC-1,1
CAACCTCTCAAAGACA-1,1
CAACTAGAGGAATCGC-1,1
CAACTAGAGGCTATCT-1,1
CAACTAGAGTTTAGGA-1,1
CAACTAGCAGCGTCCA-1,1
CAACTAGGTGCGATAG-1,1
CAACTAGGTTAAGATG-1,1
CAACTAGTCCACTCCA-1,4
CAACTAGTCCGGCACA-1,3
CAACTAGTCGCGTAGC-1,1
CAAGAAACACTTCGAA-1,1
CAAGAAAGTATATGGA-1,1
CAAGAAAGTCGCTTTC-1,1
CAAGAAAGTCTAGGTT-1,1
CAAGAAATCCGAAGAG-1,3
CAAGAAATCGACAGCC-1,2
CAAGATCCAATGAAAC-1,2
CAAGATCTCAAAGTAG-1,3
CAAGATCTCAGCGACC-1,1
CAAGATCTCGCCAAAT-1,1
CAAGGCCAGACATAAC-1,2
CAAGGCCAGATGTCGG-1,3
CAAGGCCAGGATTCGG-1,1
CAAGGCCAGTTTAGGA-1,2
CAAGGCCCACCCAGTG-1,1
CAAGGCCCACTGAAGG-1,3
CAAGGCCCAGCCTTGG-1,3
CAAGGCCGTAAGCACG-1,1
CAAGGCCGTCCATGAT-1,1
CAAGGCCTCTCGTATT-1,2
CAAGGCCTCTTACCGC-1,3
CAAGTTGAGCTCCTCT-1,2
CAAGTTGAGTCAATAG-1,2
CAAGTTGCAAACAACA-1,1
CAAGTTGCAATGCCAT-1,1
CAAGTTGCAATGGACG-1,1
CAAGTTGCAGTACACT-1,1
CAAGTTGGTATTCGTG-1,1
CAAGTTGGTCGGATCC-1,1
CAAGTTGGTGCAGTAG-1,1
CAAGTTGTCAACCATG-1,1
CAAGTTGTCAGGATCT-1,1
CAAGTTGTCCCTTGCA-1,2
CAAGTTGTCGGGAGTA-1,1
CACAAACAGAGTACCG-1,3
CACAAACAGTGGGTTG-1,1
CACAAACCAAGGTTCT-1,1
CACAAACCACGGCGTT-1,2
CACAAACCATCTATGG-1,2
CACAAACGTATGAAAC-1,1
CACAAACGTGCGCTTG-1,1
CACAAACGTTCACCTC-1,1
CACAAACTCAACTCTT-1,3
CACAAACTCACATAGC-1,1
CACAAACTCACTTCAT-1,1
CACAAACTCGTGGTCG-1,1
CACACAAAGGACCACA-1,1
CACACAAAGGGATACC-1,1
CACACAACAGACGCTC-1,4
CACACAACAGTATAAG-1,1
CACACAACATCCCACT-1,2
CACACAACATGACATC-1,2
CACACAAGTCTTTCAT-1,1
CACACAAGTGCAACGA-1,2
CACACAAGTGGGTATG-1,1
CACACAAGTGTGACCC-1,1
CACACAAGTTAAGATG-1,1
CACACAATCAGTCAGT-1,1
CACACAATCCCTCAGT-1,1
CACACAATCTAGAGTC-1,1
CACACCTAGGCATGTG-1,1
CACACCTCAAAGTCAA-1,1
CACACCTCAAGCCATT-1,1
CACACCTCAGAAGCAC-1,2
CACACCTCAGATGGCA-1,1
CACACCTGTAAACCTC-1,3
CACACCTGTGCCTGTG-1,1
CACACCTTCCATGAAC-1,1
CACACCTTCGCTAGCG-1,1
CACACCTTCGGAATCT-1,1
CACACCTTCTATCGCC-1,2
CACACTCAGACCGGAT-1,2
CACACTCAGGATGGTC-1,1
CACACTCCAATGACCT-1,1
CACACTCCATCTACGA-1,1
CACACTCGTAACGTTC-1,3
CACACTCGTAGCGCAA-1,1
CACACTCGTCTGGTCG-1,3
CACACTCGTGTCCTCT-1,2
CACACTCGTTGGGACA-1,1
CACACTCTCACAATGC-1,2
CACAGGCAGCCAGGAT-1,2
CACAGGCCAAGAGGCT-1,1
CACAGGCCAATAGAGT-1,1
CACAGGCCACTTCGAA-1,2
CACAGGCGTTAAGATG-1,2
CACAGGCTCACCAGGC-1,1
CACAGGCTCAGTCAGT-1,2
CACAGGCTCAGTCCCT-1,1
CACAGGCTCCGATATG-1,1
CACAGTACAAGTCTAC-1,2
CACAGTACACCAGTTA-1,2
CACAGTACATGTTGAC-1,1
CACAGTAGTGAAGGCT-1,1
CACAGTAGTTATGTGC-1,1
CACAGTATCCAGGGCT-1,3
CACAGTATCTCACATT-1,4
CACAGTATCTTGTACT-1,3
CACATAGAGACCTTTG-1,1
CACATAGAGATCGGGT-1,2
CACATAGCAATCAGAA-1,3
CACATAGGTTGCGCAC-1,3
CACATAGTCGCTAGCG-1,1
CACATAGTCTAAGCCA-1,1
CACATAGTCTGCGACG-1,1
CACATAGTCTGCTTGC-1,1
CACATTTAGGAGTTGC-1,2
CACATTTGTATAGGTA-1,1
CACATTTGTCCTCCAT-1,1
CACATTTGTTAGTGGG-1,1
CACATTTGTTGATTGC-1,2
CACATTTTCAACGAAA-1,1
CACATTTTCCTATTCA-1,3
CACATTTTCCTGTAGA-1,1
CACCACTAGCGCTCCA-1,2
CACCACTAGTGGTAAT-1,1
CACCACTCAATGGACG-1,2
CACCACTGTAAACCTC-1,1
CACCACTGTTGAGGTG-1,3
CACCACTTCGTAGGTT-1,3
CACCACTTCTGCAGTA-1,1
CACCACTTCTTGACGA-1,1
CACCAGGAGAGGTACC-1,1
CACCAGGAGGGATACC-1,1
CACCAGGAGGGCATGT-1,1
CACCAGGAGTCACGCC-1,3
CACCAGGCAAAGAATC-1,1
CACCAGGCAAAGGCGT-1,5
CACCAGGCACAACGTT-1,2
CACCAGGCACATGACT-1,4
CACCAGGCAGATTGCT-1,3
CACCAGGCATGAGCGA-1,1
CACCAGGGTAAGTTCC-1,4
CACCAGGTCCAGAAGG-1,6
CACCAGGTCCTCTAGC-1,3
CACCAGGTCTTGACGA-1,2
CACCTTGAGAGTTGGC-1,1
CACCTTGAGCAATATG-1,3
CACCTTGAGGCACATG-1,2
CACCTTGCATCTCCCA-1,2
CACCTTGGTAGGCTGA-1,1
CACCTTGGTCCGAGTC-1,1
CACCTTGGTGGCGAAT-1,1
CACCTTGTCGGAGGTA-1,1
CACTCCAAGCCAGAAC-1,2
CACTCCACAGGCAGTA-1,2
CACTCCAGTATATCCG-1,1
CACTCCAGTTATCACG-1,2
CACTCCAGTTGCGTTA-1,3
CACTCCATCTGTGCAA-1,2
CACTCCATCTTGTTTG-1,2
CAGAATCAGCTGTCTA-1,2
CAGAATCAGGATGCGT-1,1
CAGAATCAGTACATGA-1,1
CAGAATCCACCACCAG-1,2
CAGAATCCAGATTGCT-1,3
CAGAATCCAGCGATCC-1,1
CAGAATCCATGGATGG-1,2
CAGAATCGTCCATCCT-1,3
CAGAATCGTTCTGAAC-1,1
CAGAATCTCCAATGGT-1,2
CAGAATCTCTCGTATT-1,2
CAGAATCTCTTGACGA-1,2
CAGAGAGCATGGTCAT-1,1
CAGAGAGGTCAGAATA-1,1
CAGAGAGGTCGAACAG-1,3
CAGAGAGGTTTGGGCC-1,1
CAGAGAGTCAACGGGA-1,1
CAGAGAGTCACTTCAT-1,2
CAGAGAGTCGTTTAGG-1,1
CAGATCAAGCCAGTTT-1,2
CAGATCAAGGCTAGGT-1,3
CAGATCACAAGACGTG-1,1
CAGATCAGTTCCCGAG-1,2
CAGATCATCCGCGCAA-1,2
CAGATCATCTGCAAGT-1,2
CAGCAGCAGTGAAGAG-1,1
CAGCAGCTCAACGCTA-1,2
CAGCATAAGCCAGAAC-1,1
CAGCATAAGCCTATGT-1,4
CAGCATAGTAACGTTC-1,3
CAGCCGAAGATGTTAG-1,1
CAGCCGACAGATGAGC-1,1
CAGCCGACATCCGTGG-1,3
CAGCCGAGTGGTACAG-1,1
CAGCCGAGTGGTCTCG-1,1
CAGCCGATCCTTGACC-1,1
CAGCCGATCGAACTGT-1,1
CAGCCGATCTTTAGGG-1,1
CAGCGACAGCTAGGCA-1,1
CAGCGACAGCTAGTCT-1,2
CAGCGACAGTCGATAA-1,1
CAGCGACAGTGCGTGA-1,2
CAGCGACAGTTATCGC-1,1
CAGCGACCAAGCCATT-1,1
CAGCGACCACCCTATC-1,3
CAGCGACCACTGTCGG-1,1
CAGCGACGTATTCTCT-1,2
CAGCGACGTCACTGGC-1,3
CAGCGACGTCTGATCA-1,1
CAGCGACGTGCGGTAA-1,3
CAGCGACTCCGCGCAA-1,3
CAGCGACTCGTCACGG-1,1
CAGCGACTCTTAGAGC-1,1
CAGCTAAAGCTGAAAT-1,1
CAGCTAAAGTAGGTGC-1,1
CAGCTAAAGTGGCACA-1,2
CAGCTAAAGTTATCGC-1,1
CAGCTAACATCCCACT-1,2
CAGCTAATCGAACTGT-1,2
CAGCTAATCTATGTGG-1,2
CAGCTGGAGCAGCCTC-1,1
CAGCTGGAGTGACTCT-1,1
CAGCTGGCACAGAGGT-1,2
CAGCTGGGTCCGTGAC-1,2
CAGGTGCAGCATCATC-1,1
CAGGTGCAGCGATCCC-1,2
CAGGTGCAGCTACCTA-1,3
CAGGTGCAGCTGTTCA-1,2
CAGGTGCAGGCAGGTT-1,2
CAGGTGCAGTATCGAA-1,2
CAGGTGCAGTATTGGA-1,2
CAGGTGCCACAGACTT-1,5
CAGGTGCCACTATCTT-1,4
CAGGTGCCACTTGGAT-1,1
CAGGTGCGTCAAAGCG-1,2
CAGGTGCTCTCTAGGA-1,2
CAGTAACAGAGCCTAG-1,1
CAGTAACAGTCAATAG-1,1
CAGTAACCAAGGCTCC-1,1
CAGTAACCATCTATGG-1,3
CAGTAACGTAAAGGAG-1,1
CAGTAACGTGAAATCA-1,1
CAGTAACGTTCGAATC-1,1
CAGTAACTCAAACGGG-1,1
CAGTAACTCAAGGCTT-1,1
CAGTAACTCACTCCTG-1,1
CAGTAACTCACTTCAT-1,2
CAGTAACTCGTACGGC-1,1
CAGTAACTCTTGGGTA-1,2
CAGTCCTCAATCTACG-1,2
CAGTCCTCAATGGAAT-1,1
CAGTCCTCACGCGAAA-1,2
CAGTCCTCACTGAAGG-1,1
CAGTCCTGTCAGCTAT-1,2
CAGTCCTGTGCACTTA-1,1
CAGTCCTGTTGGTGGA-1,1
CAGTCCTGTTTGTGTG-1,1
CAGTCCTTCAAAGTAG-1,1
CAGTCCTTCGAGCCCA-1,3
CAGTCCTTCTACCAGA-1,1
CATATGGAGAGCTTCT-1,1
CATATGGAGTAGTGCG-1,1
CATATGGAGTGCGTGA-1,1
CATATGGCACGCGAAA-1,2
CATATGGTCAAGCCTA-1,3
CATATGGTCATCGCTC-1,1
CATATGGTCCTAGTGA-1,2
CATATGGTCTGAGTGT-1,2
CATATTCCAATCCGAT-1,1
CATATTCCACGAGGTA-1,1
CATATTCCAGTTAACC-1,1
CATATTCGTAAACACA-1,2
CATATTCGTCAGAATA-1,1
CATATTCGTGCCTGTG-1,1
CATATTCGTGTTGGGA-1,2
CATATTCGTTGGTAAA-1,2
CATATTCTCAGGATCT-1,3
CATATTCTCCGGCACA-1,1
CATATTCTCGGCGCTA-1,1
CATATTCTCGGTCTAA-1,3
CATATTCTCTCTAAGG-1,1
CATCAAGAGACTGGGT-1,3
CATCAAGAGGAGCGAG-1,2
CATCAAGAGTAGGTGC-1,1
CATCAAGCATGCCTAA-1,1
CATCAAGGTAACGACG-1,1
CATCAAGGTAAGGATT-1,1
CATCAAGTCAACGAAA-1,1
CATCAAGTCGCAAACT-1,1
CATCAAGTCTCAAGTG-1,1
CATCAGAAGATGGGTC-1,2
CATCAGACAAGTTAAG-1,1
CATCAGACATATGCTG-1,2
CATCAGAGTCATGCAT-1,1
CATCAGATCAGCTCTC-1,3
CATCCACAGACTCGGA-1,1
CATCCACAGTGTGGCA-1,1
CATCCACCAAATCCGT-1,2
CATCCACCAAGGTTTC-1,2
CATCCACCAGCTGCTG-1,2
CATCCACGTTGAGTTC-1,2
CATCCACTCAGCTGGC-1,1
CATCGAAAGCCAGTAG-1,1
CATCGAAAGGCTCTTA-1,1
CATCGAAAGTCCTCCT-1,3
CATCGAACAAGCGATG-1,1
CATCGAACACGAAACG-1,1
CATCGAACACGAAGCA-1,1
CATCGAAGTCATACTG-1,2
CATCGAATCGGAATCT-1,1
CATCGAATCGGGAGTA-1,1
CATCGGGAGACAGAGA-1,2
CATCGGGAGTCAATAG-1,1
CATCGGGCAAGGCTCC-1,2
CATCGGGCAGCTATTG-1,1
CATCGGGCAGGATCGA-1,1
CATCGGGGTGCTGTAT-1,2
CATCGGGGTGGAAAGA-1,2
CATCGGGTCAAGAAGT-1,3
CATCGGGTCAGGTAAA-1,1
CATCGGGTCTGTCTCG-1,3
CATGACAAGATATACG-1,1
CATGACAAGTAGGTGC-1,2
CATGACACAGGGATTG-1,3
CATGACAGTTATTCTC-1,1
CATGACAGTTCCATGA-1,1
CATGACATCCGAGCCA-1,2
CATGCCTAGACATAAC-1,1
CATGCCTAGTTGCAGG-1,1
CATGCCTCAACACGCC-1,3
CATGCCTCACTAAGTC-1,2
CATGCCTCAGGGTACA-1,1
CATGCCTGTAAAGTCA-1,1
CATGCCTTCTCGATGA-1,2
CATGCCTTCTCGTATT-1,1
CATGGCGAGAAACCGC-1,1
CATGGCGAGGTGCTTT-1,1
CATGGCGCAACACCTA-1,1
CATGGCGCACGGCCAT-1,2
CATGGCGCACTTAAGC-1,2
CATGGCGCATGAGCGA-1,3
CATGGCGCATGGAATA-1,1
CATGGCGCATTTGCCC-1,1
CATGGCGGTACCGTTA-1,1
CATGGCGGTACGAAAT-1,4
CATGGCGGTACTCTCC-1,1
CATGGCGTCTACCAGA-1,1
CATTATCAGAGTCTGG-1,3
CATTATCAGTGGGTTG-1,1
CATTATCAGTTATCGC-1,1
CATTATCCATAAAGGT-1,1
CATTATCCATTGGTAC-1,1
CATTATCGTTACCAGT-1,1
CATTATCTCCATGAAC-1,2
CATTATCTCCCTTGTG-1,6
CATTCGCAGGACTGGT-1,1
CATTCGCAGTTACCCA-1,1
CATTCGCGTATTCTCT-1,1
CATTCGCGTGTTCGAT-1,1
CATTCGCTCTTGTCAT-1,2
CCAATCCAGAATAGGG-1,3
CCAATCCAGACCGGAT-1,1
CCAATCCAGGTTACCT-1,1
CCAATCCCAGACGCCT-1,3
CCAATCCCAGATCGGA-1,1
CCAATCCGTATCGCAT-1,3
CCAATCCGTCCAGTTA-1,1
CCAATCCGTCGTTGTA-1,1
CCAATCCGTCTGGAGA-1,1
CCACCTAAGAAGGTGA-1,1
CCACCTAAGCCGGTAA-1,1
CCACCTACAAACCCAT-1,1
CCACCTACAATCCAAC-1,1
CCACCTAGTAGTGAAT-1,4
CCACCTAGTCTGGAGA-1,1
CCACCTAGTTAAGACA-1,3
CCACCTAGTTAAGTAG-1,3
CCACCTATCCTAGAAC-1,1
CCACGGAAGACAGGCT-1,1
CCACGGAAGCAATCTC-1,1
CCACGGAAGCTAGTTC-1,1
CCACGGAAGGCGCTCT-1,1
CCACGGAAGGGAACGG-1,1
CCACGGAGTCACTTCC-1,1
CCACGGAGTCGGCTCA-1,1
CCACGGAGTGAGTATA-1,2
CCACGGAGTTCGTGAT-1,2
CCACGGAGTTGGACCC-1,4
CCACGGAGTTGGTGGA-1,2
CCACGGATCACTCCTG-1,3
CCACGGATCTACCTGC-1,4
CCACTACAGCAGGCTA-1,1
CCACTACCAGACAAAT-1,2
CCACTACTCGAACGGA-1,3
CCACTACTCTCCTATA-1,2
CCAGCGACAGGCGATA-1,4
CCAGCGAGTCCCGACA-1,4
CCAGCGAGTTAGGGTG-1,2
CCAGCGATCCAAACTG-1,2
CCAGCGATCGAACGGA-1,3
CCAGCGATCTACCAGA-1,4
CCAGCGATCTGCGGCA-1,1
CCAGCGATCTGCTGCT-1,2
CCATGTCAGAGCTTCT-1,2
CCATGTCAGCTTTGGT-1,1
CCATGTCCAAACCTAC-1,1
CCATGTCCAGGCTGAA-1,3
CCATGTCGTAGCTCCG-1,1
CCATGTCGTCGCTTCT-1,1
CCATGTCGTCGTGGCT-1,2
CCATGTCGTGCTCTTC-1,1
CCATGTCGTTGTGGAG-1,4
CCATGTCTCGTTTAGG-1,1
CCATTCGAGTGGGATC-1,1
CCATTCGCACCTTGTC-1,1
CCATTCGCACTACAGT-1,1
CCATTCGCAGCATGAG-1,2
CCATTCGCAGGGTATG-1,1
CCATTCGGTACCGTTA-1,1
CCATTCGGTTGACGTT-1,4
CCATTCGTCGCGTAGC-1,1
CCATTCGTCTTGTACT-1,1
CCCAATCAGCATCATC-1,2
CCCAATCAGGAGCGTT-1,1
CCCAATCCACCCATTC-1,1
CCCAATCCAGATGAGC-1,2
CCCAATCCAGTCTTCC-1,1
CCCAATCTCGTCCGTT-1,3
CCCAGTTAGCTGGAAC-1,2
CCCAGTTCACAACGTT-1,2
CCCAGTTCACGTCTCT-1,2
CCCAGTTCAGCTATTG-1,1
CCCAGTTCATCCCACT-1,1
CCCAGTTGTAAACACA-1,1
CCCAGTTGTACGACCC-1,1
CCCAGTTGTGAACCTT-1,4
CCCAGTTTCAACGGGA-1,1
CCCAGTTTCACATGCA-1,1
CCCAGTTTCACCGTAA-1,2
CCCAGTTTCACGAAGG-1,2
CCCAGTTTCCGAATGT-1,1
CCCAGTTTCTCCAGGG-1,1
CCCATACAGGACAGAA-1,2
CCCATACAGTCCGTAT-1,1
CCCATACCACGTTGGC-1,1
CCCATACCATCCCATC-1,1
CCCATACCATGCTAGT-1,2
CCCATACGTGTGGTTT-1,1
CCCATACGTGTTCTTT-1,1
CCCATACTCACGGTTA-1,3
CCCTCCTAGAGTCGGT-1,3
CCCTCCTAGGATGGAA-1,4
CCCTCCTAGGCAGTCA-1,1
CCCTCCTAGTTCGATC-1,3
CCCTCCTCAGTAGAGC-1,1
CCCTCCTGTCAAGCGA-1,3
CCCTCCTGTTTAGGAA-1,1
CCCTCCTTCTCCCTGA-1,4
CCCTCCTTCTTATCTG-1,2
CCGGGATGTACCCAAT-1,1
CCGGGATGTACGAAAT-1,1
CCGGGATGTGCAGGTA-1,2
CCGGGATTCCCATTTA-1,1
CCGGGATTCGTTACAG-1,3
CCGGTAGAGTACGATA-1,1
CCGGTAGCAATGTAAG-1,1
CCGGTAGCACCAGGTC-1,2
CCGGTAGCACGGATAG-1,1
CCGGTAGGTACCTACA-1,1
CCGGTAGTCCGTCATC-1,2
CCGTACTAGCCGATTT-1,2
CCGTACTAGCGTGAGT-1,1
CCGTACTAGGCTAGCA-1,1
CCGTACTAGTGTGAAT-1,1
CCGTACTAGTTTCCTT-1,1
CCGTACTCAAACTGCT-1,1
CCGTACTCAATTGCTG-1,2
CCGTACTCACGAAGCA-1,2
CCGTACTCAGCTATTG-1,1
CCGTACTCAGGTCCAC-1,1
CCGTACTCAGTCGTGC-1,1
CCGTACTCATGATCCA-1,1
CCGTACTGTCAGAATA-1,4
CCGTACTGTGAACCTT-1,1
CCGTGGAAGATGTAAC-1,1
CCGTGGAAGCGATCCC-1,2
CCGTGGAAGTCGAGTG-1,1
CCGTGGAAGTGTCCCG-1,1
CCGTGGACAACCGCCA-1,3
CCGTGGACAACTTGAC-1,1
CCGTGGACATCACGAT-1,1
CCGTGGAGTATTAGCC-1,1
CCGTGGAGTCATATGC-1,1
CCGTGGATCACCATAG-1,2
CCGTGGATCTCACATT-1,1
CCGTTCAAGAAAGTGG-1,1
CCGTTCAAGATGAGAG-1,1
CCGTTCAAGCTGATAA-1,1
CCGTTCAAGGCGCTCT-1,1
CCGTTCAAGTATCTCG-1,1
CCGTTCAAGTGGCACA-1,1
CCGTTCAAGTTCCACA-1,3
CCGTTCACAAGTAGTA-1,1
CCGTTCACACAGCGTC-1,2
CCGTTCACACATAACC-1,2
CCGTTCACATGTCCTC-1,1
CCGTTCAGTCAACTGT-1,1
CCGTTCATCTGCAGTA-1,3
CCTAAAGAGAATTCCC-1,4
CCTAAAGAGCCGTCGT-1,1
CCTAAAGAGCTAACAA-1,1
CCTAAAGAGCTACCGC-1,2
CCTAAAGAGGTGCTAG-1,1
CCTAAAGCAGCTCCGA-1,1
CCTAAAGGTGGGTATG-1,3
CCTAAAGTCAAACGGG-1,2
CCTAAAGTCAACGCTA-1,4
CCTAAAGTCGAGAGCA-1,1
CCTAAAGTCTCGTATT-1,1
CCTACACAGCTGGAAC-1,1
CCTACACCAAGCGAGT-1,1
CCTACACCACGACTCG-1,3
CCTACACCAGTCACTA-1,3
CCTACACTCGGCTACG-1,1
CCTACACTCTGCGACG-1,1
CCTACCAAGTAGTGCG-1,1
CCTACCACACCCTATC-1,1
CCTACCAGTGTAAGTA-1,1
CCTACCAGTTCGCGAC-1,1
CCTACCAGTTTGCATG-1,2
CCTACCATCTGAAAGA-1,1
CCTAGCTAGATAGTCA-1,1
CCTAGCTAGCTCTCGG-1,2
CCTAGCTAGGCAGTCA-1,1
CCTAGCTCAGTCGTGC-1,2
CCTAGCTCATATGCTG-1,1
CCTAGCTCATTACCTT-1,2
CCTAGCTCATTCACTT-1,1
CCTAGCTGTCAGAATA-1,1
CCTAGCTGTGCCTGGT-1,3
CCTAGCTTCACAGGCC-1,1
CCTAGCTTCCTTTCGG-1,1
CCTAGCTTCTGATACG-1,3
CCTATTACAAACCCAT-1,1
CCTATTACAACGATGG-1,1
CCTATTACATAAGACA-1,2
CCTATTACATGCCTAA-1,4
CCTATTATCGTACGGC-1,3
CCTATTATCTCATTCA-1,1
CCTATTATCTTCGGTC-1,1
CCTATTATCTTTAGGG-1,2
CCTCAGTCACGTCAGC-1,2
CCTCAGTGTAGCTGCC-1,1
CCTCAGTTCATATCGG-1,3
CCTCAGTTCATGCAAC-1,1
CCTCAGTTCCTTGCCA-1,3
CCTCAGTTCGCTGATA-1,2
CCTCAGTTCGGTCTAA-1,2
CCTCAGTTCTGGCGTG-1,3
CCTCTGAAGGACAGAA-1,2
CCTCTGAGTAGAAAGG-1,1
CCTCTGAGTTTGTTGG-1,2
CCTCTGATCGAATCCA-1,2
CCTCTGATCGTGGTCG-1,4
CCTTACGAGAAACGCC-1,1
CCTTACGAGATCCCGC-1,1
CCTTACGAGGGATCTG-1,1
CCTTACGGTAGCGATG-1,1
CCTTACGGTAGCTCCG-1,1
CCTTACGGTCGCCATG-1,2
CCTTACGGTTAAGACA-1,1
CCTTACGTCACTCTTA-1,1
CCTTACGTCGGCTTGG-1,2
CCTTCCCAGAGAACAG-1,2
CCTTCCCAGCACCGCT-1,4
CCTTCCCAGCCATCGC-1,1
CCTTCCCAGTCTCCTC-1,1
CCTTCCCCACCGTTGG-1,1
CCTTCCCCAGACGCCT-1,1
CCTTCCCCATTCACTT-1,3
CCTTCCCGTACGAAAT-1,4
CCTTCCCGTGGGTCAA-1,2
CCTTCCCTCCACGTTC-1,1
CCTTCCCTCTGGTTCC-1,1
CCTTCCCTCTGTGCAA-1,2
CCTTCGAAGATGGGTC-1,2
CCTTCGAAGTCAAGGC-1,3
CCTTCGACATAGTAAG-1,1
CCTTCGATCAAGAAGT-1,1
CCTTCGATCAGAAATG-1,3
CCTTCGATCGGAGGTA-1,2
CCTTTCTAGAAGGTTT-1,2
CCTTTCTAGGAGCGAG-1,2
CCTTTCTCACACGCTG-1,1
CCTTTCTCAGACGTAG-1,2
CCTTTCTCATATACCG-1,1
CCTTTCTGTCTAGTGT-1,3
CCTTTCTTCCATTCTA-1,1
CCTTTCTTCCGCATCT-1,1
CCTTTCTTCTGCAAGT-1,2
CGAACATAGAAGATTC-1,1
CGAACATCACAAGACG-1,2
CGAACATCAGCCTGTG-1,1
CGAACATGTCAGAAGC-1,1
CGAACATGTCGCGGTT-1,1
CGAACATGTCGGGTCT-1,1
CGAACATTCCGGCACA-1,2
CGAACATTCGAACGGA-1,1
CGAACATTCGACCAGC-1,1
CGAACATTCGCGTAGC-1,1
CGAACATTCGTTACGA-1,1
CGAATGTAGCTGCAAG-1,2
CGAATGTAGGGCTCTC-1,1
CGAATGTCAACTTGAC-1,1
CGAATGTCAGTAAGAT-1,1
CGAATGTCATTCTCAT-1,1
CGAATGTGTGTCCTCT-1,1
CGAATGTGTGTTTGGT-1,1
CGACCTTAGTCGTACT-1,1
CGACCTTCAAATACAG-1,1
CGACCTTGTAAATGAC-1,1
CGACCTTGTGCGGTAA-1,1
CGACCTTTCGTTACGA-1,1
CGACCTTTCTGGTTCC-1,3
CGACTTCAGGCAGGTT-1,1
CGACTTCTCACCCGAG-1,1
CGACTTCTCATTCACT-1,1
CGAGAAGAGTGTTTGC-1,1
CGAGAAGCAATCACAC-1,3
CGAGAAGCACAGGTTT-1,1
CGAGAAGCACGGTAGA-1,2
CGAGAAGCACTGAAGG-1,1
CGAGAAGCACTGTTAG-1,1
CGAGAAGCATCCAACA-1,3
CGAGAAGCATGCCTTC-1,3
CGAGAAGGTGTGCCTG-1,2
CGAGAAGGTTAAGGGC-1,3
CGAGAAGGTTGTCTTT-1,1
CGAGAAGGTTGTGGCC-1,1
CGAGAAGTCAGGCGAA-1,1
CGAGAAGTCGCGGATC-1,1
CGAGAAGTCTAGAGTC-1,1
CGAGCACAGCTGTTCA-1,3
CGAGCACAGGCAAAGA-1,4
CGAGCACAGTCAAGGC-1,1
CGAGCACAGTGTTTGC-1,1
CGAGCACCAAATCCGT-1,2
CGAGCACCAAGCCGCT-1,1
CGAGCACCAGGAATGC-1,1
CGAGCACGTTGCGTTA-1,1
CGAGCACTCCAGATCA-1,1
CGAGCCAAGCTACCTA-1,1
CGAGCCAAGGTGCAAC-1,1
CGAGCCACAAACTGTC-1,2
CGAGCCACAAATACAG-1,1
CGAGCCACAACACCCG-1,1
CGAGCCACACCACCAG-1,2
CGAGCCAGTATATCCG-1,5
CGAGCCAGTCAAGCGA-1,1
CGAGCCATCCTCATTA-1,1
CGAGCCATCTTCGAGA-1,1
CGATCGGAGCGTGAGT-1,1
CGATCGGAGTTAGCGG-1,1
CGATCGGAGTTCGATC-1,2
CGATCGGCAGCTGCAC-1,1
CGATCGGGTAAATACG-1,3
CGATCGGGTACCGAGA-1,1
CGATCGGGTGCACTTA-1,1
CGATCGGGTTGCGCAC-1,1
CGATCGGTCAGAGCTT-1,3
CGATCGGTCCGCATAA-1,1
CGATGGCAGTGTACCT-1,2
CGATGGCCATGGTAGG-1,2
CGATGGCGTAACGACG-1,2
CGATGGCGTCACCTAA-1,2
CGATGGCGTCTGCCAG-1,1
CGATGGCGTTGATTCG-1,3
CGATGGCTCTTGCCGT-1,3
CGATGTAAGTCCATAC-1,2
CGATGTACAAAGCGGT-1,1
CGATGTACACAGCCCA-1,2
CGATGTACACCTCGGA-1,1
CGATGTACACGAAATA-1,1
CGATGTAGTTAAGTAG-1,4
CGATGTAGTTACTGAC-1,1
CGATGTAGTTCCACAA-1,1
CGATGTATCCGCAAGC-1,1
CGATGTATCGGAAATA-1,1
CGATGTATCTTTCCTC-1,3
CGATTGAAGAATTCCC-1,2
CGATTGACAAGGTGTG-1,1
CGATTGAGTCGTTGTA-1,3
CGATTGAGTGGCGAAT-1,1
CGATTGAGTTACGACT-1,1
CGATTGAGTTGGTAAA-1,1
CGATTGATCACCGTAA-1,2
CGATTGATCTAACGGT-1,1
CGCCAAGCACGACGAA-1,3
CGCCAAGCAGCGATCC-1,2
CGCCAAGCAGTGACAG-1,1
CGCCAAGGTGTTGAGG-1,2
CGCCAAGGTTTAAGCC-1,3
CGCCAAGTCAGTTCGA-1,1
CGCCAAGTCCAGAGGA-1,1
CGCCAAGTCTCGCTTG-1,2
CGCCAAGTCTGATTCT-1,1
CGCGGTAAGAGGGCTT-1,1
CGCGGTAAGGATGGTC-1,1
CGCGGTAAGGATTCGG-1,2
CGCGGTAAGTTTCCTT-1,1
CGCGGTACAAACCCAT-1,1
CGCGGTACACGGTTTA-1,2
CGCGGTACAGCGATCC-1,2
CGCGGTAGTGCCTGTG-1,1
CGCGGTAGTGTGAATA-1,2
CGCGGTATCACCAGGC-1,1
CGCGGTATCGCCTGAG-1,1
CGCGGTATCGGCATCG-1,3
CGCGGTATCTGCCCTA-1,3
CGCGTTTAGCACCGTC-1,1
CGCGTTTCAAAGGAAG-1,1
CGCGTTTCAGAAGCAC-1,1
CGCGTTTCAGATCTGT-1,1
CGCGTTTGTCCGTGAC-1,1
CGCGTTTGTGAAATCA-1,1
CGCGTTTGTGCAACGA-1,2
CGCGTTTTCCGTCAAA-1,3
CGCGTTTTCCTACAGA-1,3
CGCGTTTTCTACTTAC-1,1
CGCGTTTTCTGGAGCC-1,1
CGCGTTTTCTTCGGTC-1,1
CGCTATCAGACCGGAT-1,3
CGCTATCAGAGTAATC-1,1
CGCTATCAGCCGCCTA-1,2
CGCTATCCACCGAAAG-1,2
CGCTATCCAGGTGCCT-1,4
CGCTATCGTACAGCAG-1,2
CGCTATCGTATTCGTG-1,1
CGCTATCTCAATACCG-1,4
CGCTATCTCAGTGTTG-1,2
CGCTGGAAGAAACCAT-1,3
CGCTGGAAGCTCCCAG-1,2
CGCTGGAAGCTGAAAT-1,1
CGCTGGAAGGTGGGTT-1,2
CGCTGGAAGTAACCCT-1,2
CGCTGGAGTCCAACTA-1,3
CGCTGGAGTCGGATCC-1,1
CGCTGGAGTCGGCATC-1,2
CGCTGGAGTTAAGAAC-1,1
CGCTGGAGTTCCAACA-1,1
CGCTTCACATCGGACC-1,2
CGCTTCAGTAAACCTC-1,1
CGCTTCAGTACGCTGC-1,1
CGCTTCAGTATTCTCT-1,3
CGCTTCAGTTAGAACA-1,3
CGCTTCATCATGCATG-1,1
CGCTTCATCGGTGTTA-1,2
CGCTTCATCGTTACGA-1,2
CGCTTCATCTTGTACT-1,2
CGGACACAGAAAGTGG-1,2
CGGACACAGCAGGCTA-1,1
CGGACACAGCTGGAAC-1,1
CGGACACCACCGCTAG-1,3
CGGACACCAGATGGGT-1,2
CGGACACCAGTATCTG-1,1
CGGACACCATGCATGT-1,5
CGGACACGTATATGAG-1,1
CGGACACGTCGTTGTA-1,2
CGGACACGTCTAACGT-1,2
CGGACGTAGGGTATCG-1,2
CGGACGTAGGTGCACA-1,1
CGGACGTAGTGCAAGC-1,2
CGGACGTAGTGTCCAT-1,4
CGGACGTCAAACGCGA-1,1
CGGACGTCACTCTGTC-1,2
CGGACGTCAGTGAGTG-1,1
CGGACGTGTAGCGTCC-1,1
CGGACGTGTGCAGACA-1,2
CGGACGTGTGTGAATA-1,3
CGGACGTGTTCAGGCC-1,3
CGGACGTTCGTCCGTT-1,2
CGGACTGAGCAGCGTA-1,1
CGGACTGAGCTAAGAT-1,2
CGGACTGAGGCCCGTT-1,4
CGGACTGAGTAAGTAC-1,1
CGGACTGAGTACGCCC-1,1
CGGACTGAGTATGACA-1,1
CGGACTGCAGTCGTGC-1,1
CGGACTGGTCCCGACA-1,1
CGGACTGGTCGCATCG-1,2
CGGACTGTCAATAAGG-1,1
CGGACTGTCATCGATG-1,1
CGGACTGTCATGCATG-1,1
CGGACTGTCCTCGCAT-1,1
CGGAGCTAGAATCTCC-1,2
CGGAGCTAGAGTCTGG-1,2
CGGAGCTAGAGTGACC-1,2
CGGAGCTAGGCTCTTA-1,1
CGGAGCTAGTTAACGA-1,1
CGGAGCTCAACACCTA-1,1
CGGAGCTCACGCATCG-1,1
CGGAGCTCAGGATTGG-1,1
CGGAGCTCATGAACCT-1,2
CGGAGCTGTAGGACAC-1,1
CGGAGCTGTCCGTGAC-1,1
CGGAGCTTCACAATGC-1,1
CGGAGCTTCCAAGTAC-1,4
CGGAGCTTCCGTAGTA-1,2
CGGAGTCAGTGAACAT-1,1
CGGAGTCGTAAGTTCC-1,2
CGGAGTCGTCTCGTTC-1,2
CGGAGTCGTGTGCCTG-1,2
CGGCTAGAGAAAGTGG-1,3
CGGCTAGAGCTAAACA-1,3
CGGCTAGAGGTTACCT-1,1
CGGCTAGAGTACGCCC-1,2
CGGCTAGAGTCATGCT-1,1
CGGCTAGAGTTTCCTT-1,3
CGGCTAGCAACTGCGC-1,1
CGGCTAGCAAGGGTCA-1,1
CGGCTAGCATAGGATA-1,2
CGGCTAGGTTAAGACA-1,2
CGGCTAGTCACCATAG-1,1
CGGCTAGTCCTAGAAC-1,1
CGGCTAGTCTTATCTG-1,2
CGGGTCAAGAATAGGG-1,2
CGGGTCAAGAATTGTG-1,2
CGGGTCAAGACCCACC-1,1
CGGGTCAAGGCATGGT-1,2
CGGGTCACAAATACAG-1,2
CGGGTCACAGACACTT-1,2
CGGGTCACATCGATGT-1,1
CGGGTCAGTACGCTGC-1,1
CGGGTCAGTTACGCGC-1,1
CGGGTCAGTTCGAATC-1,2
CGGGTCATCCTATGTT-1,2
CGGTTAAAGCGTAATA-1,1
CGGTTAAAGCTGGAAC-1,1
CGGTTAAAGGAGCGAG-1,3
CGGTTAAAGTGCCAGA-1,2
CGGTTAAAGTTAGCGG-1,3
CGGTTAACACGAAAGC-1,2
CGGTTAACACGTCTCT-1,3
CGGTTAACAGTATCTG-1,1
CGGTTAAGTCAACTGT-1,2
CGGTTAAGTCCCTTGT-1,2
CGGTTAATCCTTTCGG-1,3
CGTAGCGAGGCCCGTT-1,1
CGTAGCGAGGTGTTAA-1,1
CGTAGCGGTCAAAGCG-1,2
CGTAGCGGTCCAGTAT-1,1
CGTAGCGGTTAAGGGC-1,2
CGTAGCGGTTATGTGC-1,1
CGTAGCGTCAAACCAC-1,1
CGTAGCGTCTGGCGAC-1,1
CGTAGGCAGCGTGTCC-1,3
CGTAGGCAGTAACCCT-1,1
CGTAGGCAGTGCCATT-1,3
CGTAGGCCAGCCAATT-1,2
CGTAGGCCAGCGAACA-1,1
CGTAGGCCAGCGTCCA-1,1
CGTAGGCCATACTCTT-1,2
CGTAGGCGTTGGTTTG-1,3
CGTAGGCTCATCGCTC-1,1
CGTAGGCTCGTAGGAG-1,3
CGTCACTAGAGTTGGC-1,2
CGTCACTCAATCGAAA-1,1
CGTCACTCATCGATGT-1,2
CGTCACTCATTCGACA-1,1
CGTCACTGTAAGTGTA-1,1
CGTCACTGTAGCGCAA-1,1
CGTCACTGTAGTAGTA-1,1
CGTCACTGTCCAACTA-1,1
CGTCACTGTGTGACCC-1,2
CGTCAGGAGATGTAAC-1,3
CGTCAGGAGGTAGCTG-1,2
CGTCAGGAGTATTGGA-1,1
CGTCAGGGTCCGTCAG-1,2
CGTCAGGGTGATGTGG-1,1
CGTCAGGGTGTTTGGT-1,1
CGTCAGGTCAAGAAGT-1,1
CGTCAGGTCCTTGACC-1,3
CGTCAGGTCTGTCAAG-1,1
CGTCCATAGACGCACA-1,1
CGTCCATAGCATGGCA-1,1
CGTCCATAGTGTGGCA-1,1
CGTCCATCAAGGTTCT-1,2
CGTCCATCAATGAATG-1,2
CGTCCATGTTCTGAAC-1,1
CGTCCATTCCGCAAGC-1,1
CGTCTACAGGGATCTG-1,1
CGTCTACGTACAGACG-1,1
CGTCTACGTCGAGTTT-1,1
CGTCTACGTTATGTGC-1,1
CGTCTACTCACGACTA-1,1
CGTGAGCAGACAAGCC-1,1
CGTGAGCAGGTCGGAT-1,1
CGTGAGCAGGTTCCTA-1,1
CGTGAGCAGTCCCACG-1,1
CGTGAGCCAGACGCAA-1,2
CGTGAGCCATGGTCAT-1,1
CGTGAGCGTTAGATGA-1,1
CGTGAGCTCACGGTTA-1,1
CGTGAGCTCATAAAGG-1,2
CGTGAGCTCTCTGTCG-1,1
CGTGTAAAGACTAGAT-1,1
CGTGTAAAGAGACTTA-1,1
CGTGTAAAGGAATCGC-1,1
CGTGTAAAGTTAACGA-1,2
CGTGTAAAGTTCCACA-1,2
CGTGTAACAAGCCATT-1,2
CGTGTAACAGTAAGCG-1,1
CGTGTAAGTCCCTACT-1,3
CGTGTAAGTTCACCTC-1,3
CGTGTAATCAGATAAG-1,2
CGTGTAATCCACGACG-1,4
CGTGTAATCCACGCAG-1,1
CGTGTAATCGCAGGCT-1,1
CGTGTAATCTAACGGT-1,2
CGTGTAATCTGAGTGT-1,1
CGTGTCTAGAATTGTG-1,3
CGTGTCTAGCATCATC-1,2
CGTGTCTAGCCAGTAG-1,2
CGTGTCTAGCTCCTTC-1,4
CGTGTCTAGTCGCCGT-1,1
CGTGTCTAGTTGAGAT-1,1
CGTGTCTCACGGTAAG-1,1
CGTGTCTCAGGCAGTA-1,1
CGTGTCTCAGTGACAG-1,1
CGTGTCTGTAAGGATT-1,2
CGTGTCTGTCGCTTCT-1,1
CGTGTCTGTGTGGTTT-1,3
CGTGTCTTCACCTTAT-1,1
CGTGTCTTCCCATTAT-1,1
CGTGTCTTCCTTTCTC-1,3
CGTTAGAAGCGATTCT-1,1
CGTTAGAAGCTAACAA-1,1
CGTTAGAAGGCTCTTA-1,2
CGTTAGAAGTGTTTGC-1,1
CGTTAGACAAGGTGTG-1,1
CGTTAGAGTAAAGTCA-1,1
CGTTAGAGTCCATGAT-1,1
CGTTAGAGTCGGCTCA-1,3
CGTTAGATCCCATTAT-1,1
CGTTCTGAGTGAACAT-1,1
CGTTCTGCATGCAACT-1,1
CGTTCTGGTATGCTTG-1,2
CGTTCTGGTCACTTCC-1,1
CGTTCTGTCGACGGAA-1,2
CGTTGGGAGAGATGAG-1,1
CGTTGGGAGGAATCGC-1,1
CGTTGGGCACTTGGAT-1,2
CGTTGGGGTGCCTGCA-1,1
CGTTGGGTCTAACTGG-1,1
CGTTGGGTCTCAACTT-1,3
CGTTGGGTCTCCAACC-1,2
CGTTGGGTCTCTGCTG-1,1
CGTTGGGTCTGCTTGC-1,1
CGTTGGGTCTTGAGGT-1,1
CTAACTTAGAATCTCC-1,1
CTAACTTAGTCTTGCA-1,3
CTAACTTCAATTGCTG-1,2
CTAACTTCACGAGAGT-1,1
CTAACTTCAGTAGAGC-1,1
CTAACTTCATGCTGGC-1,4
CTAACTTGTTGTCGCG-1,1
CTAACTTTCATACGGT-1,3
CTAACTTTCCAGGGCT-1,1
CTAACTTTCCTGCAGG-1,1
CTAACTTTCCTTGGTC-1,1
CTAACTTTCTAACGGT-1,1
CTAAGACAGCACAGGT-1,1
CTAAGACAGTCATCCA-1,1
CTAAGACAGTTAAGTG-1,3
CTAAGACCAATGGTCT-1,2
CTAAGACCACCCAGTG-1,3
CTAAGACCACCTTGTC-1,1
CTAAGACCATTCCTGC-1,1
CTAAGACGTGTAATGA-1,3
CTAAGACGTTAGTGGG-1,3
CTAAGACGTTTGACAC-1,1
CTAAGACTCCCATTAT-1,2
CTAAGACTCTAACTTC-1,1
CTAATGGAGCGTTCCG-1,1
CTAATGGAGGAATGGA-1,1
CTAATGGAGGACAGAA-1,1
CTAATGGAGGAGTCTG-1,2
CTAATGGAGGGTGTGT-1,1
CTAATGGCACGTCTCT-1,3
CTAATGGGTACAAGTA-1,1
CTAATGGGTATAATGG-1,3
CTAATGGGTCAACTGT-1,2
CTAATGGGTTTGTTGG-1,1
CTAATGGTCTAACGGT-1,1
CTAATGGTCTGTACGA-1,1
CTACACCAGCGATTCT-1,1
CTACACCGTACCGAGA-1,1
CTACACCGTTGAGTTC-1,1
CTACACCGTTTGACTG-1,3
CTACATTAGTCCGTAT-1,1
CTACATTCACAGAGGT-1,1
CTACATTGTATCGCAT-1,1
CTACATTGTCATATGC-1,1
CTACATTTCCACGCAG-1,2
CTACATTTCGAATCCA-1,5
CTACATTTCGTGGTCG-1,2
CTACCCAAGGCTAGCA-1,1
CTACCCAAGTTAACGA-1,1
CTACCCACAGGACGTA-1,1
CTACCCACAGTCGATT-1,1
CTACCCAGTTTGTTTC-1,1
CTACCCATCATAAAGG-1,1
CTACCCATCGCTAGCG-1,1
CTACCCATCTTCGAGA-1,1
CTACGTCAGAGCTGCA-1,1
CTACGTCAGAGGTAGA-1,1
CTACGTCAGCAAATCA-1,1
CTACGTCCAACAACCT-1,1
CTACGTCCAACACGCC-1,1
CTACGTCGTACTTCTT-1,1
CTACGTCGTCTCTCTG-1,2
CTACGTCTCCGCAAGC-1,1
CTAGAGTAGACCGGAT-1,3
CTAGAGTAGCCAGAAC-1,2
CTAGAGTAGGCTATCT-1,1
CTAGAGTAGTGCCAGA-1,1
CTAGAGTCAAACCTAC-1,4
CTAGAGTCATACGCCG-1,1
CTAGAGTGTCGTCTTC-1,2
CTAGAGTGTGTGCCTG-1,1
CTAGAGTGTTCAGTAC-1,1
CTAGAGTTCAAGAAGT-1,1
CTAGAGTTCACCGGGT-1,3
CTAGAGTTCATACGGT-1,1
CTAGCCTCAAAGGCGT-1,1
CTAGCCTCATTGAGCT-1,1
CTAGCCTGTACGACCC-1,3
CTAGCCTGTTATGCGT-1,1
CTAGCCTTCCTAGTGA-1,2
CTAGTGAAGCCCAATT-1,1
CTAGTGACACATTCGA-1,2
CTAGTGAGTACCTACA-1,1
CTAGTGAGTACTTGAC-1,1
CTAGTGAGTCCAGTGC-1,1
CTAGTGAGTTTGACTG-1,1
CTAGTGATCAGTCCCT-1,1
CTAGTGATCCGCATAA-1,1
CTAGTGATCGAATGCT-1,1
CTAGTGATCGCGTAGC-1,2
CTAGTGATCTTTAGGG-1,1
CTCACACCAAAGCAAT-1,2
CTCACACCAAGGGTCA-1,2
CTCACACCACCCAGTG-1,1
CTCACACCAGACGCCT-1,1
CTCACACCAGACGTAG-1,2
CTCACACCAGCTGGCT-1,1
CTCACACGTATCGCAT-1,4
CTCACACGTCAGAAGC-1,2
CTCACACGTCATATGC-1,2
CTCACACGTCGTGGCT-1,3
CTCACACTCCATTCTA-1,1
CTCACACTCCTTCAAT-1,3
CTCACACTCTCTTGAT-1,3
CTCAGAAAGAGCTGGT-1,1
CTCAGAAAGCCGCCTA-1,1
CTCAGAAAGGAGTTGC-1,1
CTCAGAAAGGTCATCT-1,1
CTCAGAACAGTATGCT-1,3
CTCAGAAGTCCGACGT-1,1
CTCAGAAGTGTTTGTG-1,2
CTCATTAAGTTGAGAT-1,2
CTCATTACACAGCGTC-1,1
CTCATTACATGCCTTC-1,1
CTCATTAGTAGGCTGA-1,1
CTCATTAGTGCCTGTG-1,2
CTCATTATCAACGAAA-1,3
CTCATTATCAATCTCT-1,3
CTCATTATCAGAGCTT-1,1
CTCATTATCCGTTGTC-1,2
CTCATTATCTAGCACA-1,1
CTCCTAGAGGGTCTCC-1,2
CTCCTAGAGGTACTCT-1,3
CTCCTAGAGTTACCCA-1,3
CTCCTAGGTAGAAGGA-1,3
CTCCTAGTCACCATAG-1,1
CTCCTAGTCAGCTGGC-1,3
CTCCTAGTCAGTCAGT-1,1
CTCCTAGTCGGACAAG-1,3
CTCCTAGTCGTCACGG-1,2
CTCCTAGTCTCGTTTA-1,1
CTCGAAAAGCTACCTA-1,1
CTCGAAAAGGGAGTAA-1,2
CTCGAAACAAGTCATC-1,1
CTCGAAACAATCTGCA-1,1
CTCGAAACACTTGGAT-1,6
CTCGAAACAGGCAGTA-1,2
CTCGAAACAGTGGAGT-1,1
CTCGAAAGTAAGCACG-1,1
CTCGAAAGTGTTTGTG-1,1
CTCGAAAGTTATCCGA-1,3
CTCGAAATCAGTTAGC-1,3
CTCGAAATCTCGGACG-1,1
CTCGAGGCAATGACCT-1,2
CTCGAGGCACTATCTT-1,3
CTCGAGGCAGTGGGAT-1,1
CTCGAGGCATTGGGCC-1,2
CTCGAGGGTCCTGCTT-1,1
CTCGAGGGTGGCGAAT-1,2
CTCGAGGTCGTTACGA-1,2
CTCGAGGTCTTTCCTC-1,2
CTCGGAGAGACAGGCT-1,1
CTCGGAGAGAGGTTAT-1,3
CTCGGAGAGATGCCTT-1,3
CTCGGAGAGTACGTTC-1,1
CTCGGAGAGTCTCCTC-1,1
CTCGGAGCAATGGAAT-1,1
CTCGGAGCATGCTAGT-1,1
CTCGGAGGTCTTCGTC-1,1
CTCGGAGGTTAAGAAC-1,1
CTCGGAGTCAGCACAT-1,1
CTCGGAGTCAGGATCT-1,3
CTCGGGAAGAATGTTG-1,1
CTCGGGACAAAGGAAG-1,1
CTCGGGACATGCCTAA-1,1
CTCGGGAGTAAATGTG-1,6
CTCGGGAGTACTTAGC-1,1
CTCGGGAGTCCTAGCG-1,1
CTCGGGAGTGAAGGCT-1,1
CTCGGGAGTGTTTGGT-1,2
CTCGGGATCAATCTCT-1,1
CTCGTACCACGGCGTT-1,3
CTCGTACCAGCTGGCT-1,1
CTCGTACCATCCGTGG-1,3
CTCGTACCATTTCACT-1,1
CTCGTACGTCAGCTAT-1,1
CTCGTACGTGGCAAAC-1,1
CTCGTACGTTCTCATT-1,1
CTCGTACTCATAAAGG-1,1
CTCGTACTCCTCTAGC-1,1
CTCGTACTCTAACTTC-1,2
CTCGTCAAGGTGATAT-1,2
CTCGTCACACTACAGT-1,1
CTCGTCACAGCTGCAC-1,3
CTCGTCACAGTCGATT-1,2
CTCGTCAGTAAGGGCT-1,2
CTCGTCAGTATAAACG-1,1
CTCGTCAGTCTAGAGG-1,2
CTCGTCAGTGTAAGTA-1,2
CTCGTCATCACAAACC-1,1
CTCGTCATCACGCGGT-1,1
CTCGTCATCATTCACT-1,4
CTCGTCATCGAGAGCA-1,1
CTCGTCATCTCATTCA-1,4
CTCGTCATCTGGCGAC-1,3
CTCTAATCAACCGCCA-1,4
CTCTAATCAATAACGA-1,1
CTCTAATCACTAGTAC-1,1
CTCTAATCACTCAGGC-1,2
CTCTAATCAGGGCATA-1,3
CTCTAATGTGCATCTA-1,1
CTCTAATTCACAACGT-1,1
CTCTAATTCCTAAGTG-1,2
CTCTACGAGAGGTAGA-1,2
CTCTACGAGCAATATG-1,1
CTCTACGAGGACGAAA-1,3
CTCTACGAGGTAGCCA-1,3
CTCTACGCACATCTTT-1,1
CTCTACGCAGATCCAT-1,2
CTCTACGCAGGAATGC-1,1
CTCTACGGTAAAGTCA-1,1
CTCTACGGTCGGCATC-1,2
CTCTACGGTCGTGGCT-1,1
CTCTACGGTCTCTCTG-1,1
CTCTACGGTGACTCAT-1,2
CTCTACGGTGTAAGTA-1,1
CTCTACGGTGTGACCC-1,4
CTCTACGTCATTCACT-1,3
CTCTACGTCGTATCAG-1,1
CTCTGGTAGCAGACTG-1,4
CTCTGGTAGTACACCT-1,1
CTCTGGTCACAACTGT-1,2
CTCTGGTCACAGGAGT-1,2
CTCTGGTCACTAGTAC-1,2
CTCTGGTCAGGACCCT-1,1
CTCTGGTGTCAACATC-1,1
CTCTGGTGTCTCTTTA-1,1
CTCTGGTGTTGACGTT-1,1
CTCTGGTTCACCAGGC-1,2
CTCTGGTTCCAGTAGT-1,1
CTGAAACAGCAATATG-1,1
CTGAAACCACACGCTG-1,1
CTGAAACCACTGCCAG-1,1
CTGAAACCATGCTGGC-1,2
CTGAAACGTGCTGTAT-1,1
CTGAAACGTTTCGCTC-1,1
CTGAAACGTTTGTTTC-1,2
CTGAAGTAGAGACTTA-1,2
CTGAAGTAGCTGCGAA-1,1
CTGAAGTAGGCCATAG-1,1
CTGAAGTAGTGGAGAA-1,1
CTGAAGTCAAATCCGT-1,2
CTGAAGTCACGACTCG-1,1
CTGAAGTCAGCTTCGG-1,1
CTGAAGTCATCCAACA-1,2
CTGAAGTGTCAAACTC-1,1
CTGAAGTGTGTTCTTT-1,1
CTGAAGTGTTCCACTC-1,1
CTGAAGTTCAACACTG-1,2
CTGAAGTTCCATGAAC-1,1
CTGAAGTTCGTGACAT-1,4
CTGAAGTTCTAGCACA-1,2
CTGAAGTTCTCCTATA-1,4
CTGATAGAGAGGGCTT-1,1
CTGATAGAGCAGCCTC-1,1
CTGATAGAGGCATGGT-1,1
CTGATAGCATGAGCGA-1,1
CTGATAGGTCCAGTTA-1,3
CTGATAGTCACGCGGT-1,1
CTGATAGTCCTCAACC-1,1
CTGATCCAGAGGTTAT-1,1
CTGATCCAGATGGGTC-1,2
CTGATCCAGCAGCGTA-1,1
CTGATCCAGCATCATC-1,3
CTGATCCAGCCACTAT-1,1
CTGATCCAGGAGTCTG-1,2
CTGATCCCACATGGGA-1,4
CTGATCCCAGCGAACA-1,1
CTGATCCCAGTTCCCT-1,4
CTGATCCGTAAGGATT-1,1
CTGATCCTCTATCCCG-1,1
CTGATCCTCTGCAAGT-1,3
CTGCCTAAGAAACGCC-1,1
CTGCCTAAGGAATCGC-1,2
CTGCCTACACGAAGCA-1,2
CTGCCTACACGTTGGC-1,2
CTGCCTACAGCAGTTT-1,1
CTGCCTACATTGTGCA-1,3
CTGCCTAGTAGCTCCG-1,2
CTGCCTAGTCCAAGTT-1,2
CTGCCTAGTCTCTTAT-1,1
CTGCCTATCACCATAG-1,1
CTGCCTATCGCTGATA-1,1
CTGCCTATCTACCTGC-1,1
CTGCCTATCTGAAAGA-1,1
CTGCGGAAGACTTGAA-1,2
CTGCGGAAGCAGGCTA-1,1
CTGCGGAAGCCCAACC-1,1
CTGCGGAAGTGACATA-1,2
CTGCGGACAAGCCATT-1,1
CTGCGGACAAGCTGAG-1,1
CTGCGGAGTAAGTGTA-1,3
CTGCGGATCCCAAGAT-1,2
CTGCGGATCGACGGAA-1,2
CTGCGGATCGGCGGTT-1,2
CTGCTGTAGAAGGCCT-1,1
CTGCTGTAGCTGTTCA-1,3
CTGCTGTAGTTCCACA-1,1
CTGCTGTCAAATCCGT-1,1
CTGCTGTCATGAAGTA-1,3
CTGCTGTGTAGAGCTG-1,2
CTGCTGTGTCATACTG-1,3
CTGCTGTGTGATAAGT-1,1
CTGCTGTGTTTGGGCC-1,3
CTGCTGTTCATGCAAC-1,2
CTGGTCTAGGAGCGTT-1,1
CTGGTCTCATCGATGT-1,1
CTGGTCTCATTCCTCG-1,4
CTGGTCTGTCGCATAT-1,2
CTGGTCTGTCGCGGTT-1,4
CTGGTCTGTCGTTGTA-1,2
CTGGTCTGTTACGCGC-1,1
CTGTGCTAGAAGAAGC-1,2
CTGTGCTAGAGCAATT-1,3
CTGTGCTAGCGTAGTG-1,1
CTGTGCTCAAAGCGGT-1,1
CTGTGCTCATTGGGCC-1,1
CTGTGCTGTATATGAG-1,2
CTGTGCTGTCCGTGAC-1,3
CTGTGCTGTCTCTTTA-1,2
CTGTGCTGTGAGGCTA-1,1
CTGTGCTGTGTGACCC-1,1
CTGTGCTTCATGTAGC-1,2
CTGTGCTTCCATGAAC-1,1
CTGTTTAAGGAGCGTT-1,2
CTGTTTACAAAGTCAA-1,2
CTGTTTACAATGGACG-1,2
CTGTTTACATCGATTG-1,1
CTGTTTAGTACACCGC-1,1
CTGTTTAGTCCTCCAT-1,1
CTGTTTAGTGGAAAGA-1,1
CTGTTTAGTGTGACCC-1,3
CTGTTTAGTTACCGAT-1,3
CTGTTTATCACTTCAT-1,3
CTGTTTATCAGCAACT-1,2
CTGTTTATCCGCATAA-1,3
CTGTTTATCCGTTGTC-1,3
CTGTTTATCCTTGACC-1,1
CTGTTTATCTGTCTCG-1,1
CTTAACTAGTCGAGTG-1,1
CTTAACTCAAGCCGTC-1,1
CTTAACTCAGGAATGC-1,3
CTTAACTCATCGATGT-1,1
CTTAACTTCCTCGCAT-1,1
CTTAACTTCGAGAACG-1,1
CTTACCGAGAGTCTGG-1,1
CTTACCGCAAATTGCC-1,1
CTTACCGCAACACCTA-1,4
CTTACCGTCCAAGCCG-1,4
CTTACCGTCGGAAACG-1,1
CTTAGGACAAGCTGGA-1,1
CTTAGGACAATGGATA-1,2
CTTAGGAGTTCGTTGA-1,3
CTTAGGAGTTTCCACC-1,2
CTTCTCTAGATGGGTC-1,1
CTTCTCTAGCAATCTC-1,1
CTTCTCTAGCACGCCT-1,2
CTTCTCTCACGCCAGT-1,1
CTTCTCTCATGCCCGA-1,1
CTTCTCTGTCGGCTCA-1,1
CTTCTCTGTCGTGGCT-1,2
CTTCTCTGTGGTGTAG-1,4
CTTCTCTTCAATCACG-1,1
CTTCTCTTCAGATAAG-1,2
CTTCTCTTCAGTACGT-1,2
CTTCTCTTCCCACTTG-1,2
CTTCTCTTCGGTTAAC-1,2
CTTGGCTAGAGAGCTC-1,1
CTTGGCTCAGAGCCAA-1,2
CTTGGCTCATGACATC-1,1
CTTGGCTGTAACGCGA-1,1
CTTGGCTGTATAATGG-1,2
CTTGGCTGTCAAAGCG-1,3
CTTGGCTGTCATATGC-1,3
CTTGGCTGTCGAAAGC-1,1
CTTGGCTTCGTACCGG-1,1
CTTTGCGAGGACAGCT-1,1
CTTTGCGCAATGAATG-1,4
CTTTGCGCACGAAAGC-1,3
CTTTGCGCATCTCGCT-1,1
CTTTGCGCATGCGCAC-1,2
CTTTGCGGTATGCTTG-1,2
CTTTGCGGTGTCAATC-1,2
CTTTGCGGTGTCCTCT-1,1
CTTTGCGTCACTTATC-1,2
CTTTGCGTCCCAAGTA-1,1
CTTTGCGTCCGCGGTA-1,1
CTTTGCGTCGCCGTGA-1,1
CTTTGCGTCGGAGCAA-1,1
GAAACTCAGCTACCTA-1,1
GAAACTCAGTTAGGTA-1,3
GAAACTCGTAAACGCG-1,1
GAAACTCGTAGTGAAT-1,1
GAAACTCGTCAAAGCG-1,1
GAAACTCGTCTTCTCG-1,1
GAAACTCGTTTGTTGG-1,1
GAAACTCTCACATAGC-1,3
GAAACTCTCATTGCCC-1,1
GAAACTCTCGAATCCA-1,1
GAAACTCTCTCTGCTG-1,1
GAAATGAAGCTAAGAT-1,1
GAAATGAAGGCACATG-1,2
GAAATGAAGTAGCGGT-1,1
GAAATGACACGACTCG-1,2
GAAATGACAGCTCCGA-1,1
GAAATGACATATGGTC-1,1
GAAATGAGTAAGTGTA-1,2
GAAATGAGTGTTCGAT-1,3
GAAATGAGTTTGACAC-1,1
GAAATGAGTTTGGGCC-1,1
GAACATCAGAGGACGG-1,1
GAACATCAGCACAGGT-1,1
GAACATCAGCACCGTC-1,4
GAACATCCACAACGCC-1,1
GAACATCCACATTAGC-1,1
GAACATCCACTTAACG-1,2
GAACATCCATCCGGGT-1,1
GAACATCGTATTCTCT-1,2
GAACATCGTCACCCAG-1,1
GAACATCGTCAGCTAT-1,1
GAACATCGTCTAAAGA-1,1
GAACATCGTGTGCGTC-1,1
GAACATCTCGGACAAG-1,1
GAACATCTCGTTTAGG-1,1
GAACCTAAGAGGTAGA-1,1
GAACCTAAGCGATATA-1,4
GAACCTAAGGGCTTGA-1,2
GAACCTAAGGTGCACA-1,1
GAACCTAAGTACGATA-1,1
GAACCTACATGCCTTC-1,4
GAACCTAGTGATGATA-1,1
GAACCTAGTGGCGAAT-1,2
GAACCTAGTTCCATGA-1,1
GAACCTATCAGCAACT-1,1
GAACCTATCGTCGTTC-1,1
GAACCTATCTGCAAGT-1,1
GAACGGAAGATGGGTC-1,1
GAACGGAAGTCTCGGC-1,2
GAACGGACATCCTTGC-1,2
GAACGGACATGGTCAT-1,1
GAACGGAGTCTAGTCA-1,2
GAACGGAGTTACCGAT-1,1
GAACGGAGTTATCCGA-1,1
GAACGGATCACTTATC-1,1
GAACGGATCTTGCAAG-1,1
GAAGCAGAGCCACGTC-1,2
GAAGCAGAGGCTCATT-1,1
GAAGCAGCATCACAAC-1,1
GAAGCAGGTCTCTTAT-1,1
GAAGCAGTCAGTCAGT-1,3
GAAGCAGTCCGCTGTT-1,2
GAAGCAGTCCTTGGTC-1,1
GAATAAGCAAGCGAGT-1,2
GAATAAGCAATGACCT-1,1
GAATAAGCATGCTAGT-1,3
GAATAAGGTCGCGGTT-1,2
GAATAAGGTGAACCTT-1,1
GAATAAGGTGCACGAA-1,1
GAATAAGTCAGCAACT-1,3
GAATAAGTCATAGCAC-1,2
GAATAAGTCGGCGGTT-1,3
GAATAAGTCTGTGCAA-1,1
GAATGAAAGATCGGGT-1,2
GAATGAAAGCGTGAGT-1,1
GAATGAAAGTTAAGTG-1,1
GAATGAACACCGTTGG-1,1
GAATGAACATCACCCT-1,1
GAATGAAGTACATCCA-1,1
GAATGAAGTGACGGTA-1,1
GAATGAAGTGTCTGAT-1,1
GAATGAAGTTTGTGTG-1,3
GAATGAATCCCAAGAT-1,1
GAATGAATCTAACTTC-1,1
GACACGCAGTCGCCGT-1,4
GACACGCAGTGAACAT-1,4
GACACGCCACGGTAAG-1,1
GACACGCCAGATCTGT-1,1
GACACGCCAGCTCCGA-1,2
GACACGCGTAGGGTAC-1,2
GACACGCGTAGTAGTA-1,2
GACACGCGTCACTTCC-1,2
GACACGCGTGTGAATA-1,2
GACACGCGTTCAACCA-1,2
GACACGCTCCCTAATT-1,2
GACACGCTCGCGATCG-1,1
GACACGCTCTCGCATC-1,2
GACAGAGCACCATGTA-1,1
GACAGAGCATCTGGTA-1,2
GACAGAGGTTATTCTC-1,1
GACAGAGTCATTGCCC-1,4
GACAGAGTCCCTTGCA-1,2
GACAGAGTCCTTTCGG-1,2
GACAGAGTCGAGCCCA-1,2
GACAGAGTCTACTCAT-1,1
GACAGAGTCTGGCGTG-1,1
GACCAATAGAGTTGGC-1,2
GACCAATAGCCAGTAG-1,4
GACCAATAGCCATCGC-1,1
GACCAATAGCCCAGCT-1,1
GACCAATAGTCAATAG-1,1
GACCAATCAGTGACAG-1,4
GACCAATGTAGTAGTA-1,1
GACCAATGTCAGAGGT-1,2
GACCAATGTCTTGCGG-1,1
GACCAATGTGCGGTAA-1,1
GACCAATGTTCCGTCT-1,1
GACCAATTCGGCGGTT-1,2
GACCAATTCTTAGAGC-1,1
GACCTGGAGACCCACC-1,1
GACCTGGAGAGACTAT-1,1
GACCTGGAGAGCTGGT-1,1
GACCTGGAGGCCATAG-1,3
GACCTGGAGTAACCCT-1,2
GACCTGGCAAAGAATC-1,1
GACCTGGCACGGCTAC-1,1
GACCTGGCATCGGTTA-1,1
GACCTGGGTCAGAAGC-1,1
GACCTGGGTTACGACT-1,1
GACCTGGTCATAAAGG-1,1
GACCTGGTCTAACTCT-1,2
GACCTGGTCTTGAGAC-1,3
GACGCGTAGATAGCAT-1,1
GACGCGTAGCTAGCCC-1,1
GACGCGTAGGGCTCTC-1,2
GACGCGTCAGTCAGCC-1,2
GACGCGTGTCCATCCT-1,3
GACGCGTGTTCCAACA-1,1
GACGCGTGTTGATTCG-1,2
GACGCGTTCACAGTAC-1,1
GACGCGTTCGCTGATA-1,1
GACGGCTAGACTTTCG-1,1
GACGGCTCACAGAGGT-1,1
GACGGCTCAGACGCTC-1,1
GACGGCTTCACGCGGT-1,3
GACGGCTTCTATGTGG-1,1
GACGTGCAGAGGGATA-1,1
GACGTGCAGATGGGTC-1,1
GACGTGCAGCTAACAA-1,1
GACGTGCAGGATGGTC-1,2
GACGTGCAGTAGTGCG-1,2
GACGTGCCACACAGAG-1,1
GACGTGCCATATACGC-1,3
GACGTGCGTAGGGACT-1,1
GACGTGCGTATAGTAG-1,1
GACGTGCGTCAGAATA-1,2
GACGTGCGTCCGTGAC-1,1
GACGTGCGTGAAAGAG-1,2
GACGTGCGTTGGGACA-1,2
GACGTGCTCCTTCAAT-1,2
GACGTGCTCGGAAACG-1,2
GACGTGCTCTGGAGCC-1,1
GACGTTAAGGCAAAGA-1,3
GACGTTAAGTGTTGAA-1,1
GACGTTACAAGCCCAC-1,1
GACGTTAGTAAATGAC-1,1
GACGTTAGTACATCCA-1,2
GACGTTAGTCGCTTCT-1,1
GACGTTAGTGGCGAAT-1,2
GACGTTATCAGCTTAG-1,1
GACTAACAGCCACCTG-1,3
GACTAACCACATGTGT-1,1
GACTAACCAGCTGTGC-1,3
GACTAACCAGGAACGT-1,1
GACTAACCATCGGACC-1,1
GACTAACGTCATACTG-1,1
GACTAACTCAGCTGGC-1,2
GACTAACTCATAGCAC-1,2
GACTAACTCCAAACTG-1,4
GACTAACTCCTTTCTC-1,1
GACTAACTCGCAAGCC-1,1
GACTAACTCTCCCTGA-1,3
GACTAACTCTCCGGTT-1,3
GACTACAAGCGTGTCC-1,1
GACTACAAGTTACGGG-1,1
GACTACACACGGTAGA-1,3
GACTACACACTCGACG-1,4
GACTACACAGTGGAGT-1,1
GACTACACATATGGTC-1,1
GACTACACATTTCAGG-1,1
GACTACAGTCCGACGT-1,2
GACTACAGTGTGGCTC-1,1
GACTACATCAGCGATT-1,1
GACTACATCCGAAGAG-1,1
GACTACATCCGGGTGT-1,2
GACTACATCGAGAGCA-1,3
GACTACATCGCCTGAG-1,1
GACTACATCTGGAGCC-1,1
GACTACATCTTCTGGC-1,1
GACTGCGAGATCCCAT-1,2
GACTGCGAGCTCTCGG-1,1
GACTGCGAGGAATGGA-1,2
GACTGCGCACCAGATT-1,1
GACTGCGCACCAGCAC-1,1
GACTGCGCAGGTTTCA-1,2
GACTGCGGTCAGATAA-1,1
GACTGCGGTGGCTCCA-1,1
GACTGCGTCGCAAGCC-1,1
GACTGCGTCTGCCAGG-1,1
GAGCAGAAGAGTGACC-1,1
GAGCAGACAACTGGCC-1,1
GAGCAGACATCCTTGC-1,2
GAGCAGAGTCCGAAGA-1,4
GAGCAGATCATGCAAC-1,1
GAGCAGATCCTCATTA-1,1
GAGCAGATCTTCTGGC-1,1
GAGCAGATCTTGAGAC-1,1
GAGGTGACAGGTCGTC-1,1
GAGGTGACAGTCGTGC-1,1
GAGGTGACATCCCACT-1,1
GAGGTGACATGAACCT-1,1
GAGGTGAGTAGCAAAT-1,1
GAGGTGAGTCGGCATC-1,2
GAGGTGAGTCGTCTTC-1,2
GAGGTGAGTCTTCAAG-1,1
GAGGTGAGTTCACGGC-1,1
GAGGTGAGTTCTGTTT-1,1
GAGGTGATCACCCTCA-1,1
GAGGTGATCCGCATCT-1,1
GAGGTGATCTACCTGC-1,3
GAGTCCGAGCGTCAAG-1,1
GAGTCCGCACAGATTC-1,4
GAGTCCGCAGTATCTG-1,1
GAGTCCGCATACTACG-1,3
GAGTCCGGTACAAGTA-1,3
GAGTCCGGTTACGGAG-1,1
GAGTCCGTCAAGATCC-1,1
GAGTCCGTCACTCCTG-1,1
GAGTCCGTCATGCAAC-1,1
GAGTCCGTCCGCAAGC-1,1
GAGTCCGTCTACTCAT-1,2
GATCAGTAGAGTACCG-1,3
GATCAGTAGCGTGAGT-1,1
GATCAGTAGGCTCTTA-1,1
GATCAGTCATCACAAC-1,1
GATCAGTCATGGTTGT-1,2
GATCAGTGTAAGTGTA-1,2
GATCAGTGTACTTCTT-1,2
GATCAGTGTCTCAACA-1,2
GATCAGTTCTTAGCCC-1,4
GATCGATAGATGGCGT-1,1
GATCGATAGGCATTGG-1,2
GATCGATAGGTGTTAA-1,3
GATCGATAGTGGAGAA-1,1
GATCGATAGTGGCACA-1,1
GATCGATCACAGACTT-1,4
GATCGATCAGGCTGAA-1,1
GATCGATCAGTCACTA-1,2
GATCGATCAGTCGATT-1,1
GATCGATGTGTGACGA-1,3
GATCGATGTTCAACCA-1,2
GATCGATGTTCAGCGC-1,1
GATCGATGTTTCGCTC-1,1
GATCGATTCGGAGCAA-1,3
GATCGATTCTATCGCC-1,1
GATCGATTCTGTCTCG-1,1
GATCGCGAGAATGTTG-1,1
GATCGCGAGTCCTCCT-1,1
GATCGCGAGTGTCCCG-1,2
GATCGCGCAACACCCG-1,2
GATCGCGCAAGAAGAG-1,1
GATCGCGCAAGACGTG-1,1
GATCGCGCACGTCAGC-1,1
GATCGCGCATCCTTGC-1,2
GATCGCGTCAAGGTAA-1,2
GATCGCGTCCACGTGG-1,1
GATCGCGTCCTGTACC-1,1
GATCGTAAGACTGGGT-1,3
GATCGTAAGAGGTTGC-1,1
GATCGTAAGCCTATGT-1,1
GATCGTAAGGATTCGG-1,2
GATCGTACAACGCACC-1,1
GATCGTACAAGTCATC-1,2
GATCGTACACATTTCT-1,2
GATCGTACAGCCAGAA-1,2
GATCGTAGTCCCTTGT-1,1
GATCGTAGTCGCGTGT-1,1
GATCGTAGTTATTCTC-1,1
GATCGTAGTTCTCATT-1,1
GATCGTAGTTTCGCTC-1,2
GATCGTAGTTTGACAC-1,1
GATCGTATCATGTAGC-1,2
GATCGTATCGCGCCAA-1,1
GATCTAGAGCCGATTT-1,2
GATCTAGAGTAACCCT-1,1
GATCTAGCACCTCGTT-1,1
GATCTAGCATTTCAGG-1,2
GATCTAGGTGCAGTAG-1,1
GATCTAGGTGGGTCAA-1,1
GATCTAGGTTCCACTC-1,1
GATCTAGGTTGTCGCG-1,1
GATCTAGTCGTCTGCT-1,1
GATGAAAAGCGTGTCC-1,2
GATGAAAAGGCGCTCT-1,1
GATGAAACAGCCAATT-1,4
GATGAAACATGCCACG-1,2
GATGAAAGTCGTTGTA-1,3
GATGAAAGTCTCCACT-1,3
GATGAAATCGATCCCT-1,3
GATGAAATCTCCGGTT-1,1
GATGAGGAGGATGTAT-1,1
GATGAGGAGGTGCAAC-1,1
GATGAGGAGTCGTACT-1,1
GATGAGGGTTCCGTCT-1,1
GATGAGGTCTAACCGA-1,1
GATGAGGTCTTTCCTC-1,1
GATGCTAAGGAATCGC-1,7
GATGCTACATCGGTTA-1,2
GATGCTATCAGTGTTG-1,1
GATGCTATCCCTTGTG-1,1
GATGCTATCGTCCGTT-1,1
GATGCTATCGTTACAG-1,1
GATGCTATCTGCAAGT-1,3
GATTCAGAGCAACGGT-1,2
GATTCAGAGCCACCTG-1,3
GATTCAGAGTTATCGC-1,1
GATTCAGCATCGATTG-1,1
GATTCAGGTAGCTTGT-1,1
GATTCAGGTCCGAATT-1,2
GATTCAGGTTCCGTCT-1,3
GATTCAGTCCGCAGTG-1,2
GATTCAGTCCTGTAGA-1,1
GATTCAGTCTCTGAGA-1,3
GCAAACTAGTGGACGT-1,2
GCAAACTCACTGTCGG-1,1
GCAAACTCATTGGTAC-1,1
GCAAACTGTCCAGTGC-1,3
GCAAACTGTGCGCTTG-1,2
GCAAACTGTGGTGTAG-1,1
GCAAACTTCGACCAGC-1,1
GCAATCAAGCTAGTCT-1,2
GCAATCAAGCTCAACT-1,3
GCAATCAAGTGTACCT-1,1
GCAATCACAATAAGCA-1,1
GCAATCACACTCTGTC-1,2
GCAATCACAGCCTGTG-1,2
GCAATCACATCCGCGA-1,1
GCAATCAGTACATCCA-1,2
GCAATCAGTAGAAGGA-1,1
GCAATCAGTCTCATCC-1,1
GCAATCAGTTCGGGCT-1,3
GCAATCAGTTTAGGAA-1,1
GCAATCATCTGTCTCG-1,1
GCACATAAGCCACTAT-1,2
GCACATAAGTGCCATT-1,2
GCACATACACAGTCGC-1,1
GCACATACAGCCACCA-1,1
GCACATACATATACGC-1,1
GCACATACATTAACCG-1,1
GCACATAGTAAGTGGC-1,1
GCACATAGTAATAGCA-1,2
GCACATAGTCATTAGC-1,2
GCACATAGTCTGATCA-1,2
GCACATAGTTCAGTAC-1,1
GCACATAGTTGGTTTG-1,1
GCACATATCCACGACG-1,1
GCACATATCCCACTTG-1,1
GCACATATCCGTCATC-1,4
GCACTCTAGAACTCGG-1,1
GCACTCTGTTAAAGTG-1,2
GCACTCTTCAACTCTT-1,1
GCACTCTTCTCTGCTG-1,1
GCACTCTTCTTGGGTA-1,1
GCAGCCACAATAGCAA-1,1
GCAGCCACACAAGACG-1,2
GCAGCCACACAGGCCT-1,1
GCAGCCACACCTATCC-1,2
GCAGCCACACTAAGTC-1,1
GCAGCCACAGGGTACA-1,1
GCAGCCAGTAGCACGA-1,1
GCAGCCAGTCTGGTCG-1,1
GCAGCCAGTGACGCCT-1,1
GCAGCCATCAACGGGA-1,1
GCAGCCATCATCGCTC-1,2
GCAGCCATCCTTTACA-1,1
GCAGTTAAGAAGGTGA-1,1
GCAGTTAAGAGGGCTT-1,2
GCAGTTAAGGTCGGAT-1,1
GCAGTTACATTCCTCG-1,1
GCAGTTAGTAAAGTCA-1,1
GCAGTTAGTAAGGATT-1,1
GCAGTTAGTGAAGGCT-1,1
GCAGTTATCAACACCA-1,1
GCAGTTATCTTAACCT-1,1
GCATACAAGGCTAGAC-1,1
GCATACACACATTAGC-1,1
GCATACAGTAATAGCA-1,1
GCATACAGTAGGACAC-1,1
GCATACAGTCAGAGGT-1,3
GCATACATCAGTGTTG-1,1
GCATGATAGGACGAAA-1,1
GCATGATAGGCCCGTT-1,1
GCATGATAGGGATGGG-1,1
GCATGATAGTCAAGCG-1,1
GCATGATCAATCCGAT-1,1
GCATGATCAATGGAAT-1,1
GCATGATCACGAAGCA-1,2
GCATGATTCCATTCTA-1,1
GCATGATTCGCCAAAT-1,1
GCATGATTCGTCACGG-1,2
GCATGCGAGGAGCGTT-1,1
GCATGCGCAGTAGAGC-1,2
GCATGCGGTTATGCGT-1,1
GCATGCGTCTATCGCC-1,2
GCATGCGTCTCGAGTA-1,1
GCATGTAAGAGGGCTT-1,2
GCATGTAAGATGTTAG-1,1
GCATGTACATGGGAAC-1,1
GCATGTACATTTCAGG-1,3
GCATGTAGTAACGTTC-1,1
GCATGTAGTCATTAGC-1,3
GCATGTAGTCGAAAGC-1,1
GCATGTAGTCGCGAAA-1,3
GCATGTAGTGGGTCAA-1,1
GCATGTATCTACTCAT-1,2
GCATGTATCTTCGAGA-1,1
GCCAAATAGCAATCTC-1,2
GCCAAATCATGAAGTA-1,3
GCCAAATGTATGGTTC-1,2
GCCAAATGTTATCACG-1,1
GCCTCTAAGAACAATC-1,2
GCCTCTAAGAGTCGGT-1,2
GCCTCTAAGGCATGGT-1,3
GCCTCTAAGTGGTAAT-1,1
GCCTCTACACCACCAG-1,2
GCCTCTACAGCTGGCT-1,1
GCCTCTACAGCTGTAT-1,3
GCCTCTAGTCGTTGTA-1,2
GCCTCTATCAGCTGGC-1,2
GCCTCTATCCCTCAGT-1,1
GCCTCTATCGAACTGT-1,4
GCGACCAAGACAGGCT-1,4
GCGACCAAGCCTCGTG-1,3
GCGACCACAAACCCAT-1,1
GCGACCACACGGCGTT-1,3
GCGACCACAGGATTGG-1,2
GCGACCACAGGTCTCG-1,3
GCGACCAGTAAACACA-1,2
GCGACCAGTACAGTTC-1,1
GCGACCAGTAGATTAG-1,2
GCGACCAGTCCGTTAA-1,2
GCGACCATCTCGAGTA-1,1
GCGAGAAAGAGACTTA-1,1
GCGAGAAAGCAGATCG-1,1
GCGAGAAAGCCTTGAT-1,1
GCGAGAACAATGAAAC-1,2
GCGAGAAGTAGTAGTA-1,1
GCGAGAAGTCAGAGGT-1,1
GCGAGAATCACGCGGT-1,2
GCGAGAATCACTGGGC-1,1
GCGCAACAGCATGGCA-1,1
GCGCAACAGGGTGTTG-1,2
GCGCAACCAAATACAG-1,1
GCGCAACCAGACAAGC-1,3
GCGCAACGTAGCCTAT-1,1
GCGCAACTCCGCTGTT-1,1
GCGCAACTCTACCAGA-1,2
GCGCAACTCTTTAGGG-1,4
GCGCAGTAGTCCTCCT-1,1
GCGCAGTAGTGTCCAT-1,1
GCGCAGTCAAGCGATG-1,1
GCGCAGTCAAGTCATC-1,1
GCGCAGTCACCTTGTC-1,1
GCGCAGTGTGAGTATA-1,1
GCGCAGTGTGTGCCTG-1,3
GCGCAGTGTTAAAGAC-1,1
GCGCAGTTCAGCGATT-1,2
GCGCAGTTCATACGGT-1,2
GCGCAGTTCGATAGAA-1,2
GCGCAGTTCTTACCGC-1,2
GCGCCAAAGCCATCGC-1,2
GCGCCAAGTAAACACA-1,1
GCGCCAAGTATCGCAT-1,1
GCGCCAAGTCATCCCT-1,2
GCGCCAAGTGGACGAT-1,1
GCGCGATAGAACTGTA-1,2
GCGCGATAGCCCTAAT-1,1
GCGCGATAGCCGCCTA-1,2
GCGCGATAGGCAGGTT-1,3
GCGCGATAGTGTTGAA-1,2
GCGCGATCACCAGGTC-1,1
GCGCGATCAGTAGAGC-1,1
GCGCGATGTACTCTCC-1,2
GCGCGATGTTGCTCCT-1,1
GCGCGATTCAACACAC-1,1
GCGCGATTCACTTATC-1,1
GCGCGATTCCGCATCT-1,4
GCGGGTTAGGCAATTA-1,2
GCGGGTTCACGAAAGC-1,1
GCGGGTTCACGAGGTA-1,2
GCGGGTTCAGACGCTC-1,4
GCGGGTTGTAATCACC-1,1
GCGGGTTGTAGAAGGA-1,1
GCGGGTTGTATTACCG-1,1
GCGGGTTTCACAATGC-1,1
GCGGGTTTCAGTCAGT-1,1
GCGGGTTTCCTACAGA-1,2
GCGGGTTTCGCTTGTC-1,2
GCGGGTTTCTTTAGGG-1,1
GCTCCTAAGATGTCGG-1,1
GCTCCTAAGCACCGCT-1,1
GCTCCTAAGCTAACAA-1,1
GCTCCTAGTCTAGTGT-1,1
GCTCCTAGTGAAATCA-1,1
GCTCCTAGTGCCTGGT-1,2
GCTCCTAGTTAAGATG-1,1
GCTCCTAGTTCCTCCA-1,1
GCTCCTATCACCAGGC-1,2
GCTCCTATCCCAAGAT-1,1
GCTCCTATCTGCAAGT-1,2
GCTCTGTAGATAGGAG-1,1
GCTCTGTCACCGCTAG-1,2
GCTCTGTCATAGACTC-1,1
GCTCTGTCATTCCTCG-1,2
GCTCTGTGTAGCAAAT-1,1
GCTCTGTGTAGCCTAT-1,2
GCTCTGTGTCGTTGTA-1,1
GCTCTGTGTGCACTTA-1,1
GCTCTGTGTGCAGGTA-1,3
GCTCTGTTCCCTCAGT-1,1
GCTGCAGAGACGCACA-1,1
GCTGCAGAGGTAGCTG-1,3
GCTGCAGGTAGAGCTG-1,1
GCTGCAGGTCACCCAG-1,2
GCTGCAGGTCATCGGC-1,1
GCTGCAGTCACTTACT-1,1
GCTGCAGTCTGCAAGT-1,1
GCTGCGAAGCCACGTC-1,4
GCTGCGAAGTTAACGA-1,2
GCTGCGAGTACAAGTA-1,2
GCTGCGAGTGTCCTCT-1,1
GCTGCGAGTTGTTTGG-1,1
GCTGCGATCGTTGCCT-1,3
GCTGCTTAGACAATAC-1,2
GCTGCTTAGGGTTTCT-1,1
GCTGCTTCAAATCCGT-1,2
GCTGCTTCACTGAAGG-1,1
GCTGCTTCAGGCTCAC-1,3
GCTGCTTCATGGTCTA-1,2
GCTGCTTCATTCTCAT-1,1
GCTGCTTTCAGGCGAA-1,2
GCTGCTTTCTTCAACT-1,1
GCTGGGTAGCTGCCCA-1,1
GCTGGGTCAAAGAATC-1,2
GCTGGGTCATTTGCCC-1,1
GCTGGGTGTAAACACA-1,1
GCTGGGTTCAGCACAT-1,1
GCTTCCAAGCACAGGT-1,1
GCTTCCAAGGTGATAT-1,2
GCTTCCACAGCTGCAC-1,2
GCTTCCAGTAAAGGAG-1,1
GCTTCCAGTAAGGGCT-1,1
GCTTCCAGTCTAGCCG-1,1
GCTTCCAGTGACTACT-1,1
GCTTCCATCAATCACG-1,1
GCTTCCATCACGATGT-1,1
GCTTGAACAAACCCAT-1,2
GCTTGAACAGGTGCCT-1,2
GCTTGAACAGTCGATT-1,1
GCTTGAAGTCATCGGC-1,1
GCTTGAAGTCGCGAAA-1,1
GCTTGAAGTTTACTCT-1,1
GCTTGAATCAATCACG-1,2
GCTTGAATCAATCTCT-1,1
GCTTGAATCTTGACGA-1,2
GGAAAGCAGAGAGCTC-1,1
GGAAAGCAGCAACGGT-1,2
GGAAAGCAGGTCGGAT-1,3
GGAAAGCAGTACGATA-1,1
GGAAAGCAGTCCGGTC-1,1
GGAAAGCCAACACGCC-1,3
GGAAAGCCACATAACC-1,2
GGAAAGCCACGAGGTA-1,1
GGAAAGCCACGGTTTA-1,1
GGAAAGCGTCGACTAT-1,2
GGAAAGCGTGAGCGAT-1,1
GGAAAGCTCAGTCCCT-1,2
GGAAAGCTCTTTAGGG-1,1
GGAACTTAGAAGGTGA-1,3
GGAACTTAGGTTCCTA-1,1
GGAACTTCAGCCTATA-1,3
GGAACTTCAGCTGTTA-1,1
GGAACTTTCTAACCGA-1,1
GGAACTTTCTCCTATA-1,2
GGAATAAAGAAACCTA-1,1
GGAATAAAGTAATCCC-1,1
GGAATAACAAGACACG-1,3
GGAATAACATGCATGT-1,3
GGAATAAGTAGTGAAT-1,1
GGAATAAGTCGAATCT-1,3
GGAATAAGTCGCATAT-1,1
GGAATAAGTTTGTTTC-1,1
GGAATAATCATTGCCC-1,3
GGAATAATCTCTGAGA-1,3
GGACAAGAGAAGGACA-1,1
GGACAAGAGTGCGTGA-1,2
GGACAAGAGTTACCCA-1,1
GGACAAGCAACGCACC-1,1
GGACAAGGTCGTTGTA-1,1
GGACAAGTCCCTAACC-1,1
GGACAGAAGAAGAAGC-1,1
GGACAGAAGAAGGACA-1,1
GGACAGAAGACCGGAT-1,1
GGACAGAAGCTACCGC-1,1
GGACAGAAGGGAAACA-1,2
GGACAGACAAATTGCC-1,1
GGACAGACAAGTTCTG-1,1
GGACAGACACATCCAA-1,1
GGACAGACACGAAGCA-1,1
GGACAGACAGGCTCAC-1,3
GGACAGACAGTCCTTC-1,1
GGACAGAGTACATGTC-1,3
GGACAGAGTAGCGTAG-1,2
GGACAGAGTCAACATC-1,1
GGACAGAGTCCGACGT-1,2
GGACAGAGTGTCAATC-1,2
GGACAGATCGGCTACG-1,3
GGACAGATCTCCAGGG-1,3
GGACATTCACTCTGTC-1,3
GGACATTGTGAGCGAT-1,2
GGACATTGTGGTACAG-1,4
GGACATTGTGTAACGG-1,2
GGACATTGTTCAGGCC-1,1
GGACATTGTTCCAACA-1,1
GGACATTTCGGTTAAC-1,3
GGACGTCAGCAATCTC-1,1
GGACGTCAGCGAGAAA-1,1
GGACGTCAGGGAGTAA-1,1
GGACGTCGTATATGAG-1,1
GGACGTCGTCCGCTGA-1,1
GGACGTCGTGCACTTA-1,2
GGACGTCTCGCAAACT-1,1
GGACGTCTCTGCCAGG-1,2
GGACGTCTCTGCTTGC-1,1
GGAGCAACATCGATGT-1,3
GGAGCAATCAGTACGT-1,1
GGAGCAATCGGTCCGA-1,3
GGAGCAATCTTCAACT-1,1
GGATGTTAGCTGAAAT-1,3
GGATGTTCATATACCG-1,1
GGATGTTGTAATAGCA-1,2
GGATGTTTCACGACTA-1,4
GGATGTTTCTCGAGTA-1,2
GGATGTTTCTGCAAGT-1,1
GGATTACAGGTGATTA-1,1
GGATTACCAAGCGTAG-1,1
GGATTACCACCTGGTG-1,1
GGATTACCATGAGCGA-1,2
GGATTACGTCAAACTC-1,4
GGATTACGTCTGGAGA-1,2
GGATTACGTGATGATA-1,1
GGATTACGTGGCCCTA-1,1
GGATTACGTTTAAGCC-1,2
GGATTACTCCCTTGTG-1,4
GGATTACTCGTCACGG-1,1
GGATTACTCTGGTATG-1,2
GGCAATTAGGGCATGT-1,3
GGCAATTCAATAGAGT-1,2
GGCAATTCACCGAAAG-1,3
GGCAATTCACGCCAGT-1,1
GGCAATTCAGCTATTG-1,1
GGCAATTCAGGCGATA-1,1
GGCAATTCATCTACGA-1,1
GGCAATTCATCTCCCA-1,1
GGCAATTGTAACGTTC-1,1
GGCAATTGTAAGTGTA-1,1
GGCAATTGTACGCACC-1,1
GGCAATTGTGCAGGTA-1,2
GGCAATTGTTCGCGAC-1,2
GGCCGATAGCAATATG-1,1
GGCCGATAGCGGATCA-1,2
GGCCGATAGGACGAAA-1,1
GGCCGATAGTAGATGT-1,1
GGCCGATCACGCATCG-1,1
GGCCGATGTTCGCGAC-1,1
GGCCGATGTTGACGTT-1,2
GGCCGATTCAGGTTCA-1,2
GGCCGATTCATAAAGG-1,1
GGCCGATTCGGCGCTA-1,1
GGCCGATTCTCGAGTA-1,1
GGCCGATTCTGTACGA-1,3
GGCGACTAGCAGCCTC-1,4
GGCGACTAGGCATTGG-1,3
GGCGACTGTAAACACA-1,1
GGCGACTGTCTGATTG-1,1
GGCGACTGTGAAAGAG-1,4
GGCGACTGTTCAGTAC-1,1
GGCGACTGTTTAGCTG-1,1
GGCGACTTCCAAGCCG-1,1
GGCGACTTCGCTTGTC-1,2
GGCGTGTAGAAACGCC-1,2
GGCGTGTAGTCCAGGA-1,1
GGCGTGTCAATAAGCA-1,1
GGCGTGTCATTTCAGG-1,1
GGCGTGTGTGCTGTAT-1,1
GGCGTGTGTGGTCTCG-1,2
GGCGTGTGTTCAACCA-1,1
GGCGTGTTCCAGATCA-1,3
GGCGTGTTCGGCTTGG-1,3
GGCGTGTTCTAACTTC-1,1
GGCTCGAAGAGACGAA-1,2
GGCTCGAAGAGTTGGC-1,1
GGCTCGAAGCAATATG-1,1
GGCTCGACAAGCTGTT-1,2
GGCTCGACAGGCGATA-1,1
GGCTCGAGTGCGATAG-1,1
GGCTCGATCACCTCGT-1,1
GGCTCGATCGAGCCCA-1,2
GGCTGGTAGTGCGATG-1,1
GGCTGGTCACGGTAAG-1,1
GGCTGGTCACTTCGAA-1,1
GGCTGGTCAGACGTAG-1,1
GGCTGGTCAGCTTAAC-1,3
GGCTGGTGTGGACGAT-1,3
GGCTGGTTCCATGAAC-1,1
GGCTGGTTCGGTCCGA-1,1
GGGAATGAGGAGCGTT-1,2
GGGAATGAGGATCGCA-1,1
GGGAATGCAGCATACT-1,1
GGGAATGCATAGACTC-1,2
GGGAATGGTACAGCAG-1,1
GGGACCTAGCCAACAG-1,1
GGGACCTAGGGCATGT-1,2
GGGACCTCAATCCAAC-1,1
GGGACCTCACAACTGT-1,4
GGGACCTCAGCCAATT-1,1
GGGACCTCATGCCTTC-1,3
GGGACCTTCCGAGCCA-1,2
GGGACCTTCGCAAACT-1,1
GGGACCTTCGCTTGTC-1,3
GGGACCTTCTCCAGGG-1,2
GGGACCTTCTGGTGTA-1,1
GGGACCTTCTTGAGGT-1,1
GGGAGATAGAACAATC-1,3
GGGAGATAGGCCCTCA-1,1
GGGAGATAGTGAAGAG-1,2
GGGAGATCATAACCTG-1,1
GGGAGATCATCTATGG-1,1
GGGAGATGTGCATCTA-1,1
GGGAGATGTGCGCTTG-1,1
GGGAGATGTTATCACG-1,1
GGGATGAAGCGAAGGG-1,1
GGGATGAAGGGTCGAT-1,1
GGGATGAAGTCATCCA-1,1
GGGATGACATAGGATA-1,1
GGGATGAGTAGGAGTC-1,1
GGGATGAGTTCGTGAT-1,1
GGGATGAGTTTAAGCC-1,1
GGGATGATCAACACCA-1,3
GGGATGATCGGTCTAA-1,1
GGGCACTAGACAATAC-1,2
GGGCACTAGGAATCGC-1,1
GGGCACTCACATCCAA-1,1
GGGCACTGTTCCACGG-1,4
GGGCACTTCTCGATGA-1,1
GGGCACTTCTGCTTGC-1,3
GGGCACTTCTGGTATG-1,1
GGGCATCAGTGAACAT-1,1
GGGCATCCAAGGTTTC-1,1
GGGCATCCAAGTTCTG-1,1
GGGCATCCATACAGCT-1,1
GGGCATCGTAGCTCCG-1,1
GGGCATCGTATCTGCA-1,2
GGGCATCGTGCGCTTG-1,2
GGGCATCTCAGCTCGG-1,1
GGGCATCTCGAGAACG-1,2
GGGTCTGCAAATCCGT-1,1
GGGTCTGCAAGGACTG-1,3
GGGTCTGGTAGAGGAA-1,2
GGGTCTGGTTATCACG-1,1
GGGTCTGTCAAACCGT-1,3
GGGTCTGTCAGTTGAC-1,2
GGGTTGCAGAGTAATC-1,1
GGGTTGCAGGCCCTTG-1,1
GGGTTGCCAAAGGAAG-1,1
GGGTTGCCACATAACC-1,1
GGGTTGCCACGAGGTA-1,3
GGGTTGCGTAGCTCCG-1,1
GGGTTGCGTCATACTG-1,2
GGGTTGCGTGAGCGAT-1,1
GGGTTGCGTGTAATGA-1,1
GGGTTGCGTGTTCGAT-1,1
GGGTTGCGTTCGTGAT-1,1
GGGTTGCGTTCTGGTA-1,1
GGGTTGCGTTGTACAC-1,4
GGGTTGCTCTCAAGTG-1,1
GGGTTGCTCTTCGGTC-1,1
GGTATTGAGGCAGTCA-1,3
GGTATTGAGGCTCTTA-1,1
GGTATTGAGTCGTACT-1,1
GGTATTGCACGGTTTA-1,1
GGTATTGCACTAGTAC-1,1
GGTATTGGTCCGCTGA-1,1
GGTATTGGTGCAGTAG-1,1
GGTATTGGTTACCGAT-1,1
GGTATTGTCTACGAGT-1,1
GGTATTGTCTTTCCTC-1,1
GGTGAAGAGACAGGCT-1,1
GGTGAAGAGCTAGTTC-1,1
GGTGAAGAGGACCACA-1,1
GGTGAAGAGGAGCGTT-1,1
GGTGAAGCACGCTTTC-1,1
GGTGAAGGTATCGCAT-1,1
GGTGAAGGTATTCGTG-1,1
GGTGAAGGTGTGAATA-1,1
GGTGAAGGTTTGTTTC-1,4
GGTGAAGTCATCATTC-1,1
GGTGAAGTCCTTGGTC-1,2
GGTGCGTAGATAGGAG-1,1
GGTGCGTAGGACAGAA-1,1
GGTGCGTCAGCCTATA-1,1
GGTGCGTGTTGGACCC-1,1
GGTGCGTTCCAGAGGA-1,1
GGTGCGTTCTGCGTAA-1,1
GGTGTTAAGACCTTTG-1,5
GGTGTTAAGCTAAACA-1,1
GGTGTTAAGTGGCACA-1,2
GGTGTTACAGCTCCGA-1,2
GGTGTTACAGGTGCCT-1,1
GGTGTTACATTGGTAC-1,1
GGTGTTAGTGTATGGG-1,2
GGTGTTAGTTATTCTC-1,2
GGTGTTAGTTGTACAC-1,1
GGTGTTATCAGAAATG-1,2
GGTGTTATCGTTTGCC-1,2
GTAACGTAGACTAGAT-1,2
GTAACGTAGCCTTGAT-1,1
GTAACGTCAAAGGCGT-1,2
GTAACGTCAAGTAGTA-1,1
GTAACGTCAGACGTAG-1,1
GTAACGTCAGCTCGAC-1,3
GTAACGTCAGTCAGCC-1,1
GTAACGTCATGCCTAA-1,2
GTAACGTGTCCGTCAG-1,1
GTAACGTGTGTGGCTC-1,1
GTAACGTGTTCCCGAG-1,3
GTAACGTGTTTGTTTC-1,2
GTAACTGAGCCAACAG-1,1
GTAACTGAGGTGCTTT-1,1
GTAACTGAGGTTCCTA-1,1
GTAACTGAGTGGAGAA-1,2
GTAACTGCATCTCCCA-1,4
GTAACTGGTGCACTTA-1,2
GTAACTGTCGACAGCC-1,2
GTAACTGTCGGAGCAA-1,1
GTAACTGTCTAACTTC-1,4
GTACGTAAGAACAACT-1,3
GTACGTAAGCGTTGCC-1,1
GTACGTAAGCTCAACT-1,1
GTACGTACATCGTCGG-1,1
GTACGTACATGGAATA-1,1
GTACGTAGTGCCTGTG-1,2
GTACGTAGTTCACCTC-1,1
GTACGTATCAGTGCAT-1,3
GTACGTATCCTGCTTG-1,1
GTACGTATCTTGAGGT-1,1
GTACTCCAGGATATAC-1,1
GTACTCCAGGATGCGT-1,2
GTACTCCCATGCTAGT-1,3
GTACTCCCATGTCTCC-1,2
GTACTCCGTGCCTGTG-1,1
GTACTCCTCACAAACC-1,1
GTACTTTAGTGTCCAT-1,2
GTACTTTCACATTAGC-1,1
GTACTTTCACGTCTCT-1,4
GTACTTTCAGCTGTAT-1,1
GTACTTTCATTGCGGC-1,1
GTACTTTGTAAGGGAA-1,1
GTACTTTGTCGCGAAA-1,2
GTACTTTGTGCAACGA-1,3
GTACTTTGTTAAGTAG-1,1
GTAGGCCAGCTAACTC-1,2
GTAGGCCAGTCAATAG-1,1
GTAGGCCCACATGTGT-1,1
GTAGGCCGTCCTCCAT-1,1
GTAGGCCGTGCGGTAA-1,2
GTAGGCCTCATGCATG-1,2
GTAGGCCTCCAAACAC-1,1
GTAGGCCTCCACTGGG-1,1
GTAGGCCTCCTTCAAT-1,2
GTAGGCCTCGGACAAG-1,2
GTAGGCCTCTTGCATT-1,1
GTAGTCAAGCGCCTTG-1,2
GTAGTCAGTAGCGTCC-1,1
GTAGTCAGTAGCTAAA-1,1
GTAGTCAGTATAAACG-1,3
GTAGTCAGTCAAAGCG-1,3
GTAGTCAGTGGACGAT-1,1
GTAGTCATCCAGTATG-1,1
GTATCTTAGTCAAGGC-1,3
GTATCTTGTCGGCACT-1,1
GTATCTTGTGAGCGAT-1,1
GTATCTTGTGGTAACG-1,2
GTATCTTTCACAACGT-1,1
GTATCTTTCAGGTAAA-1,3
GTATCTTTCCACGTGG-1,1
GTATCTTTCTGCAGTA-1,3
GTATCTTTCTGTCAAG-1,1
GTATTCTAGCCCGAAA-1,3
GTATTCTAGTAGGTGC-1,1
GTATTCTAGTTACCCA-1,3
GTATTCTCAAACTGCT-1,2
GTATTCTCAGGTCGTC-1,1
GTATTCTGTCAACATC-1,1
GTATTCTTCCACTGGG-1,2
GTATTCTTCCTAGTGA-1,2
GTCAAGTAGAAGGTTT-1,1
GTCAAGTAGCACGCCT-1,3
GTCAAGTAGTACACCT-1,2
GTCAAGTAGTTACGGG-1,6
GTCAAGTGTACGAAAT-1,1
GTCAAGTGTAGAGGAA-1,1
GTCAAGTGTTCGGCAC-1,3
GTCAAGTTCACGAAGG-1,2
GTCAAGTTCAGCATGT-1,3
GTCAAGTTCGGAAACG-1,1
GTCAAGTTCTCTGTCG-1,2
GTCACAACACCGTTGG-1,1
GTCACAACACTAGTAC-1,2
GTCACAAGTACCGAGA-1,1
GTCACAAGTAGCCTAT-1,1
GTCACAAGTAGCTCCG-1,2
GTCACAAGTAGCTGCC-1,3
GTCACAATCAAACCAC-1,1
GTCACAATCCCTAATT-1,1
GTCACAATCTACTTAC-1,2
GTCACGGAGCAAATCA-1,1
GTCACGGAGCTGAAAT-1,1
GTCACGGAGGAACTGC-1,1
GTCACGGAGTCAAGGC-1,1
GTCACGGGTATCGCAT-1,1
GTCACGGGTGAACCTT-1,1
GTCACGGTCAACGGCC-1,1
GTCACGGTCCAGATCA-1,3
GTCACGGTCCATGCTC-1,1
GTCACGGTCCGGCACA-1,1
GTCATTTAGCAGCGTA-1,2
GTCATTTCAAGTTCTG-1,2
GTCATTTCACAGACAG-1,1
GTCATTTGTACCGTTA-1,2
GTCATTTGTATATCCG-1,2
GTCATTTGTCTTGTCC-1,1
GTCATTTGTGCTAGCC-1,1
GTCATTTTCAGAAATG-1,1
GTCATTTTCGCCAAAT-1,1
GTCATTTTCTATCGCC-1,3
GTCCTCAAGATGTGGC-1,2
GTCCTCAAGCCCAATT-1,1
GTCCTCAAGGCAATTA-1,1
GTCCTCACAGTATGCT-1,1
GTCCTCAGTCTAGAGG-1,3
GTCCTCAGTGCAGGTA-1,1
GTCGGGTAGATATGCA-1,1
GTCGGGTAGGAATCGC-1,1
GTCGGGTCAAGCGCTC-1,1
GTCGGGTCACAACGTT-1,1
GTCGGGTGTGAGTATA-1,2
GTCGTAAAGAGTACAT-1,2
GTCGTAAAGGATGTAT-1,1
GTCGTAAAGTATCTCG-1,1
GTCGTAACAATCCAAC-1,3
GTCGTAACACAGACTT-1,1
GTCGTAACATGATCCA-1,1
GTCGTAACATTGTGCA-1,2
GTCGTAAGTACAGACG-1,1
GTCGTAAGTTTGTTGG-1,2
GTCGTAATCAAGATCC-1,1
GTCGTAATCACATAGC-1,2
GTCGTAATCTAACTGG-1,1
GTCTCGTAGCCCTAAT-1,1
GTCTCGTCAGCCTTTC-1,4
GTCTCGTCATTCTCAT-1,1
GTCTCGTGTAACGTTC-1,2
GTCTCGTGTCGAGTTT-1,1
GTCTCGTGTGACGGTA-1,1
GTCTCGTTCAATAAGG-1,1
GTCTCGTTCGAACGGA-1,1
GTCTTCGAGACACTAA-1,4
GTCTTCGAGACTAAGT-1,1
GTCTTCGAGGCATGGT-1,1
GTCTTCGAGGTAGCTG-1,3
GTCTTCGCAACAACCT-1,2
GTCTTCGCATTACCTT-1,1
GTCTTCGGTGGTACAG-1,1
GTCTTCGTCAGTGCAT-1,3
GTCTTCGTCGATCCCT-1,1
GTCTTCGTCTTACCGC-1,1
GTCTTCGTCTTGACGA-1,1
GTGAAGGAGAGTCGGT-1,3
GTGAAGGAGCTTATCG-1,3
GTGAAGGCACCAGGCT-1,1
GTGAAGGCAGACACTT-1,2
GTGAAGGGTCACCCAG-1,3
GTGAAGGGTCTAGCGC-1,3
GTGAAGGGTCTCACCT-1,1
GTGAAGGGTTCCGTCT-1,1
GTGAAGGGTTGGTTTG-1,1
GTGAAGGGTTGTCTTT-1,1
GTGAAGGTCAGAGCTT-1,1
GTGAAGGTCCGGGTGT-1,1
GTGCAGCAGAGAGCTC-1,1
GTGCAGCAGGGTGTTG-1,1
GTGCAGCAGTGGAGTC-1,3
GTGCAGCCAAACCTAC-1,1
GTGCAGCGTACTCGCG-1,1
GTGCAGCGTAGCACGA-1,2
GTGCAGCGTCCTGCTT-1,1
GTGCAGCGTTCCCGAG-1,1
GTGCAGCTCCCAACGG-1,2
GTGCAGCTCCCATTAT-1,3
GTGCAGCTCGGATGTT-1,1
GTGCAGCTCGTACGGC-1,2
GTGCAGCTCTCTTGAT-1,3
GTGCATAAGCGTGTCC-1,4
GTGCATACAATAACGA-1,3
GTGCATACAGACGCCT-1,3
GTGCATAGTAGCGTGA-1,2
GTGCATAGTCACCTAA-1,2
GTGCATAGTGAAAGAG-1,2
GTGCATAGTGACCAAG-1,1
GTGCATATCACGAAGG-1,1
GTGCATATCATCGGAT-1,1
GTGCATATCGCAAACT-1,1
GTGCGGTAGCAACGGT-1,1
GTGCGGTCAAATTGCC-1,1
GTGCGGTCAAGGTTTC-1,1
GTGCGGTCACATTAGC-1,1
GTGCGGTTCCCATTTA-1,3
GTGCTTCAGCTATGCT-1,2
GTGCTTCAGGAGTTGC-1,1
GTGCTTCAGTCCGTAT-1,2
GTGCTTCCAATCGAAA-1,1
GTGCTTCCACGGTAGA-1,1
GTGCTTCCAGTAGAGC-1,3
GTGCTTCGTGACTACT-1,1
GTGCTTCGTGAGTATA-1,2
GTGCTTCGTGCACCAC-1,3
GTGCTTCGTTGCTCCT-1,1
GTGCTTCGTTTGCATG-1,2
GTGCTTCTCTGCTTGC-1,2
GTGGGTCAGAGACGAA-1,2
GTGGGTCAGCCAACAG-1,1
GTGGGTCAGCCACTAT-1,3
GTGGGTCAGGCACATG-1,1
GTGGGTCAGGGAGTAA-1,2
GTGGGTCCACGGATAG-1,1
GTGGGTCGTCAGGACA-1,2
GTGGGTCGTCGACTGC-1,2
GTGGGTCTCAGAGACG-1,1
GTGGGTCTCAGCGATT-1,3
GTGGGTCTCGCATGAT-1,1
GTGGGTCTCGCCAAAT-1,1
GTGTGCGAGAATAGGG-1,1
GTGTGCGAGCTAGCCC-1,1
GTGTGCGCAGCCAGAA-1,1
GTGTGCGCATTCTTAC-1,1
GTGTGCGCATTTGCCC-1,2
GTGTGCGGTATGCTTG-1,2
GTGTGCGGTGTGAATA-1,3
GTGTGCGTCCAGTAGT-1,1
GTGTGCGTCGGTGTCG-1,2
GTGTTAGCAAACCTAC-1,1
GTGTTAGCAGCCTTGG-1,3
GTGTTAGCAGTGGGAT-1,1
GTGTTAGGTACCCAAT-1,1
GTGTTAGGTTCGGCAC-1,1
GTGTTAGTCACCAGGC-1,2
GTGTTAGTCGACAGCC-1,1
GTGTTAGTCTCTGCTG-1,4
GTGTTAGTCTCTTATG-1,4
GTTAAGCAGCTACCGC-1,2
GTTAAGCAGTCCGTAT-1,1
GTTAAGCAGTCTCAAC-1,1
GTTAAGCAGTGGTCCC-1,3
GTTAAGCCACAACGTT-1,3
GTTAAGCGTGGTCTCG-1,2
GTTAAGCTCCTTCAAT-1,4
GTTAAGCTCGGCATCG-1,1
GTTACAGCACATTCGA-1,2
GTTACAGCACGGATAG-1,1
GTTACAGCATGCAATC-1,1
GTTACAGCATGCCACG-1,2
GTTACAGGTCCGACGT-1,2
GTTACAGGTGCTAGCC-1,3
GTTACAGTCAGCTCTC-1,1
GTTACAGTCTTTACAC-1,1
GTTCATTAGACTAGAT-1,3
GTTCATTAGTAAGTAC-1,1
GTTCATTCAATCCGAT-1,1
GTTCATTCAGGGTATG-1,2
GTTCATTCAGTGGAGT-1,1
GTTCATTCATGGGAAC-1,1
GTTCATTCATTGAGCT-1,1
GTTCATTGTAAGTGGC-1,1
GTTCATTGTTCAGACT-1,1
GTTCATTGTTGCGCAC-1,1
GTTCATTGTTTAGGAA-1,1
GTTCATTTCGGCTACG-1,2
GTTCGGGAGAGCCTAG-1,1
GTTCGGGAGCGGCTTC-1,1
GTTCGGGCAACACCCG-1,1
GTTCGGGCACAGACAG-1,2
GTTCGGGCAGTATCTG-1,4
GTTCGGGCATGTCGAT-1,1
GTTCGGGCATTTGCTT-1,2
GTTCGGGGTCCGAAGA-1,1
GTTCGGGTCCACGAAT-1,3
GTTCGGGTCCCTAACC-1,2
GTTCGGGTCCGCAGTG-1,1
GTTCGGGTCGTAGATC-1,1
GTTCGGGTCTCCAACC-1,1
GTTCGGGTCTGCCCTA-1,1
GTTCTCGCAATGCCAT-1,1
GTTCTCGCACGGATAG-1,4
GTTCTCGGTGTTCTTT-1,1
GTTCTCGTCGGGAGTA-1,1
GTTCTCGTCGTTTAGG-1,1
GTTCTCGTCTGATACG-1,1
GTTCTCGTCTGCAGTA-1,1
GTTCTCGTCTTAACCT-1,2
GTTTCTAAGAATGTTG-1,1
GTTTCTAAGCAATCTC-1,1
GTTTCTAGTCAGTGGA-1,1
GTTTCTAGTTTGACAC-1,2
TAAACCGAGATGCCTT-1,2
TAAACCGAGTACATGA-1,1
TAAACCGAGTTGAGAT-1,1
TAAACCGCATCTCCCA-1,1
TAAACCGCATGGGAAC-1,2
TAAACCGGTCAGCTAT-1,1
TAAACCGGTCTAAACC-1,2
TAAACCGGTTACTGAC-1,2
TAAACCGGTTGAGGTG-1,2
TAAGAGAAGATGTTAG-1,2
TAAGAGACACATAACC-1,1
TAAGAGACACGGTAAG-1,2
TAAGAGACAGGACGTA-1,1
TAAGAGACATCACAAC-1,3
TAAGAGAGTAGCCTAT-1,2
TAAGAGAGTATAGGGC-1,2
TAAGAGAGTCAGAATA-1,1
TAAGAGAGTGTCTGAT-1,2
TAAGAGATCCAGATCA-1,1
TAAGAGATCCGCATAA-1,1
TAAGAGATCCGTTGTC-1,1
TAAGCGTAGAATGTGT-1,3
TAAGCGTAGCTGAACG-1,2
TAAGCGTAGCTGCAAG-1,2
TAAGCGTAGGCAATTA-1,1
TAAGCGTAGGCCCGTT-1,2
TAAGCGTCAAAGGTGC-1,1
TAAGCGTCACGGCCAT-1,4
TAAGCGTCAGTACACT-1,1
TAAGCGTGTCGCTTTC-1,1
TAAGCGTGTCTAAAGA-1,3
TAAGCGTTCGTCGTTC-1,3
TAAGTGCAGCTGCCCA-1,3
TAAGTGCAGGGCACTA-1,3
TAAGTGCCAGCGTCCA-1,1
TAAGTGCCATACGCCG-1,1
TAAGTGCCATCGACGC-1,3
TAAGTGCGTGCCTGCA-1,2
TAAGTGCGTGTTAAGA-1,1
TAAGTGCTCGTCCAGG-1,1
TAAGTGCTCTTGCCGT-1,1
TACACGAAGCTGATAA-1,1
TACACGAAGTGTGAAT-1,1
TACACGACAGGATTGG-1,1
TACACGAGTAGGACAC-1,1
TACACGAGTGGGTCAA-1,2
TACACGATCGACGGAA-1,1
TACAGTGAGCGATTCT-1,1
TACAGTGCAACTTGAC-1,1
TACAGTGCAATGCCAT-1,2
TACAGTGCACAACTGT-1,3
TACAGTGCACCAACCG-1,1
TACAGTGCATGTAAGA-1,2
TACAGTGGTCGGGTCT-1,1
TACAGTGTCACATAGC-1,1
TACAGTGTCTGCAGTA-1,2
TACCTATAGCGGATCA-1,3
TACCTATAGTTCGCAT-1,4
TACCTATCAGTAAGCG-1,2
TACCTATCATGTTGAC-1,1
TACCTATGTAACGCGA-1,3
TACCTATGTAAGTTCC-1,2
TACCTATTCACTTATC-1,1
TACCTATTCATATCGG-1,1
TACCTATTCGCCAAAT-1,3
TACCTATTCTACTCAT-1,1
TACCTATTCTGTTGAG-1,2
TACCTTAAGACGCACA-1,1
TACCTTAAGATATGCA-1,2
TACCTTAAGATGCGAC-1,3
TACCTTAAGCTCCTCT-1,2
TACCTTAAGTCAAGCG-1,2
TACCTTACAAGTTGTC-1,1
TACCTTACAGCATACT-1,1
TACCTTACAGTCTTCC-1,1
TACCTTACAGTGACAG-1,1
TACCTTAGTACCGTTA-1,2
TACCTTAGTACTCTCC-1,1
TACCTTAGTCCAACTA-1,1
TACCTTATCCCAAGAT-1,3
TACGGATAGACAATAC-1,3
TACGGATAGCACCGCT-1,1
TACGGATAGCCCAGCT-1,1
TACGGATAGTCTCAAC-1,1
TACGGATCAAACGTGG-1,1
TACGGATCAACTTGAC-1,1
TACGGATCACCTCGTT-1,2
TACGGATCACTTCTGC-1,1
TACGGATCAGCTGGCT-1,1
TACGGATCAGTGACAG-1,1
TACGGATGTAACGACG-1,1
TACGGATGTCAAGCGA-1,1
TACGGATGTCGGATCC-1,3
TACGGATGTCGTCTTC-1,1
TACGGATGTCTTCGTC-1,1
TACGGATGTTCACGGC-1,1
TACGGATTCCTGTACC-1,3
TACGGGCAGCCAGGAT-1,3
TACGGGCAGCCAGTAG-1,3
TACGGGCAGCCAGTTT-1,2
TACGGGCAGCTAACTC-1,2
TACGGGCAGGCAATTA-1,2
TACGGGCCAGGGTTAG-1,3
TACGGGCGTCCCGACA-1,3
TACGGGCGTTACCAGT-1,1
TACGGGCTCACGCATA-1,1
TACGGGCTCATTCACT-1,1
TACGGGCTCTTCCTTC-1,1
TACGGTAAGCCAGAAC-1,4
TACGGTACACGTTGGC-1,3
TACGGTACAGCGTAAG-1,1
TACGGTACAGCTTAAC-1,2
TACGGTAGTAAGAGAG-1,1
TACGGTAGTAGCGCAA-1,2
TACGGTAGTCTCTTTA-1,2
TACGGTAGTGAACCTT-1,1
TACGGTAGTGCACTTA-1,2
TACGGTATCCTGCTTG-1,3
TACTCATAGAGACTAT-1,4
TACTCATAGGTCGGAT-1,2
TACTCATCAAGGACTG-1,2
TACTCATCATATACCG-1,1
TACTCATTCAGCGACC-1,1
TACTCATTCATCTGTT-1,2
TACTCATTCTCCAACC-1,2
TACTCGCAGAGTGAGA-1,1
TACTCGCAGGCCCTTG-1,1
TACTCGCAGGTCGGAT-1,2
TACTCGCAGTACACCT-1,1
TACTCGCCAACACCCG-1,1
TACTCGCGTGAGTGAC-1,1
TACTCGCGTTTCCACC-1,2
TACTCGCTCGGAGGTA-1,1
TACTTACAGCTAGCCC-1,1
TACTTACCACCGGAAA-1,3
TACTTACGTATCGCAT-1,2
TACTTACGTTTAGCTG-1,1
TACTTACTCAATACCG-1,1
TACTTACTCCCTTGTG-1,1
TACTTACTCCGCTGTT-1,1
TACTTACTCCTCATTA-1,4
TACTTACTCGTACGGC-1,3
TACTTACTCGTCGTTC-1,1
TACTTGTAGAGACTAT-1,3
TACTTGTAGTACGATA-1,1
TACTTGTGTACAGTGG-1,1
TACTTGTGTAGCAAAT-1,2
TACTTGTGTCCCTACT-1,3
TACTTGTGTCCCTTGT-1,2
TACTTGTGTGCTGTAT-1,1
TACTTGTGTGGGTATG-1,3
TACTTGTGTTTGACAC-1,4
TACTTGTTCAATAAGG-1,1
TACTTGTTCACTTCAT-1,2
TACTTGTTCCTTTACA-1,1
TAGACCAAGCTATGCT-1,3
TAGACCAAGTCCGTAT-1,1
TAGACCAGTTCAGTAC-1,4
TAGACCATCCAGTAGT-1,3
TAGACCATCGCAAGCC-1,2
TAGACCATCTCGAGTA-1,1
TAGAGCTCAACGATGG-1,3
TAGAGCTGTGACTCAT-1,1
TAGAGCTTCGGTCTAA-1,1
TAGAGCTTCGTTTATC-1,2
TAGAGCTTCTTCCTTC-1,1
TAGCCGGAGGACAGAA-1,2
TAGCCGGGTACATGTC-1,1
TAGCCGGGTGCGATAG-1,1
TAGCCGGGTGGTCCGT-1,4
TAGCCGGGTTGTACAC-1,2
TAGCCGGTCACCGGGT-1,2
TAGCCGGTCCGAGCCA-1,1
TAGCCGGTCGAGAGCA-1,1
TAGCCGGTCGCAAACT-1,2
TAGGCATAGCATGGCA-1,1
TAGGCATCAAAGGTGC-1,2
TAGGCATCAATAGCAA-1,1
TAGGCATCACTGTTAG-1,1
TAGGCATGTATTCTCT-1,2
TAGGCATGTCACACGC-1,1
TAGGCATGTGACCAAG-1,2
TAGGCATTCTCCAACC-1,1
TAGTGGTGTTATTCTC-1,3
TAGTGGTGTTCGCTAA-1,1
TAGTGGTTCCGCGTTT-1,1
TAGTGGTTCGATCCCT-1,1
TAGTGGTTCGTGGTCG-1,3
TAGTGGTTCTTGACGA-1,1
TAGTGGTTCTTGAGAC-1,1
TAGTTGGAGACAGAGA-1,2
TAGTTGGAGACCTTTG-1,1
TAGTTGGAGACTAAGT-1,1
TAGTTGGAGAGGTACC-1,4
TAGTTGGCAAGCGAGT-1,2
TAGTTGGCATACGCTA-1,3
TAGTTGGGTCACACGC-1,1
TAGTTGGTCGTGACAT-1,1
TAGTTGGTCTGAGGGA-1,3
TATCAGGAGAAGATTC-1,1
TATCAGGAGCACCGCT-1,1
TATCAGGAGCCACTAT-1,1
TATCAGGAGGCTCAGA-1,1
TATCAGGCAGCAGTTT-1,1
TATCAGGCAGGAATCG-1,1
TATCAGGCATCGATGT-1,1
TATCAGGCATTACCTT-1,3
TATCAGGGTCCGAACC-1,1
TATCAGGGTCCGAGTC-1,1
TATCAGGGTGTGCGTC-1,4
TATCAGGTCCCAGGTG-1,1
TATCAGGTCGGAGGTA-1,2
TATCTCACAATGGATA-1,2
TATCTCACACCAACCG-1,3
TATCTCACAGCTCGCA-1,1
TATCTCACAGGGAGAG-1,2
TATCTCAGTTAAAGTG-1,3
TATCTCAGTTAGGGTG-1,1
TATCTCAGTTGTTTGG-1,2
TATCTCATCACAGGCC-1,1
TATCTCATCAGCATGT-1,2
TATCTCATCCATTCTA-1,1
TATCTCATCTGCAGTA-1,3
TATGCCCAGACTTTCG-1,1
TATGCCCAGGGTGTTG-1,2
TATGCCCAGGTGGGTT-1,1
TATGCCCCACGGTTTA-1,2
TATGCCCCACTGTTAG-1,1
TATGCCCCATGGGACA-1,2
TATGCCCGTACCGAGA-1,2
TATGCCCTCATTGCCC-1,2
TATGCCCTCTGCTTGC-1,3
TATTACCAGAGCAATT-1,1
TATTACCAGCTACCGC-1,1
TATTACCAGGCGCTCT-1,1
TATTACCGTCTCGTTC-1,3
TATTACCGTGGACGAT-1,1
TATTACCTCAAACCAC-1,1
TATTACCTCCAGAGGA-1,1
TATTACCTCTCATTCA-1,1
TCAACGAAGAGTAATC-1,1
TCAACGAAGAGTACCG-1,2
TCAACGAAGCACACAG-1,1
TCAACGACACAAGCCC-1,3
TCAACGACACTTACGA-1,1
TCAACGAGTAAGGGAA-1,1
TCAACGAGTACAGACG-1,1
TCAACGAGTACAGCAG-1,1
TCAACGAGTATAGTAG-1,1
TCAACGAGTCACCTAA-1,2
TCAACGAGTGACGCCT-1,2
TCAACGATCAAAGACA-1,2
TCAACGATCTAACCGA-1,3
TCAATCTAGAGCCCAA-1,1
TCAATCTAGCAATATG-1,4
TCAATCTCACACATGT-1,2
TCAATCTCAGCGTCCA-1,1
TCAATCTCAGCTTCGG-1,1
TCAATCTCATCCGCGA-1,3
TCAATCTGTAGCGCTC-1,3
TCACAAGAGACTTTCG-1,3
TCACAAGAGAGGACGG-1,1
TCACAAGAGTCCGGTC-1,1
TCACAAGAGTTAAGTG-1,2
TCACAAGCACGGTAAG-1,1
TCACAAGCACTGTCGG-1,2
TCACAAGCATAGAAAC-1,1
TCACAAGGTTACTGAC-1,1
TCACGAACACAAGCCC-1,2
TCACGAACACCTGGTG-1,1
TCACGAACAGTATAAG-1,4
TCACGAAGTCTAGAGG-1,1
TCACGAAGTGACGCCT-1,1
TCACGAAGTGCCTGCA-1,3
TCACGAAGTTGATTCG-1,1
TCACGAATCCGTAGGC-1,3
TCACGAATCGGTGTTA-1,1
TCACGAATCGTACGGC-1,1
TCAGATGAGACAAGCC-1,1
TCAGATGAGACTACAA-1,1
TCAGATGAGCAGGTCA-1,2
TCAGATGAGGACTGGT-1,1
TCAGATGCAAATTGCC-1,1
TCAGATGGTAAATGTG-1,3
TCAGATGGTGGTCTCG-1,1
TCAGATGTCATTGCGA-1,1
TCAGATGTCCAATGGT-1,1
TCAGCAAAGCGATAGC-1,3
TCAGCAAAGTAATCCC-1,4
TCAGCAACAGTGGAGT-1,1
TCAGCAACAGTGGGAT-1,1
TCAGCAACATGCATGT-1,1
TCAGCAAGTAAACCTC-1,4
TCAGCAAGTAGTGAAT-1,1
TCAGCAAGTTGCGTTA-1,1
TCAGCAAGTTTAGGAA-1,1
TCAGCAAGTTTGGCGC-1,2
TCAGCAATCGGTGTTA-1,1
TCAGCAATCTCCCTGA-1,6
TCAGCAATCTGGCGTG-1,2
TCAGCTCAGCTATGCT-1,1
TCAGCTCAGGACAGAA-1,2
TCAGCTCAGGTGTTAA-1,1
TCAGCTCCAAATTGCC-1,3
TCAGCTCCACCTCGTT-1,3
TCAGCTCGTAGAGGAA-1,1
TCAGCTCGTCAATGTC-1,1
TCAGCTCGTCCGAGTC-1,1
TCAGCTCGTGTATGGG-1,1
TCAGCTCGTTACGACT-1,1
TCAGCTCGTTCAGACT-1,1
TCAGCTCGTTCGCGAC-1,2
TCAGCTCTCTACCTGC-1,1
TCAGGATAGATAGTCA-1,1
TCAGGATAGATGTCGG-1,1
TCAGGATAGCGCTCCA-1,1
TCAGGATAGGAGTAGA-1,2
TCAGGATAGTATGACA-1,1
TCAGGATCAGCCTGTG-1,1
TCAGGATGTCAGAGGT-1,2
TCAGGATGTCGTTGTA-1,1
TCAGGATGTTCTGAAC-1,1
TCAGGATTCAGAGGTG-1,2
TCAGGATTCATACGGT-1,1
TCAGGATTCATCTGCC-1,1
TCAGGTAAGAAACCAT-1,2
TCAGGTAAGAACAATC-1,4
TCAGGTAAGAGCTATA-1,1
TCAGGTAAGAGGTAGA-1,3
TCAGGTACACGAAAGC-1,2
TCAGGTACAGCCAATT-1,1
TCAGGTACAGCGTCCA-1,1
TCAGGTACATATGAGA-1,4
TCAGGTACATCGGGTC-1,1
TCAGGTAGTCAACATC-1,1
TCAGGTAGTCAGCTAT-1,1
TCAGGTAGTCGCATAT-1,3
TCAGGTAGTCTTGATG-1,1
TCAGGTAGTTAGGGTG-1,2
TCAGGTATCACATACG-1,1
TCATTACCAAGCGAGT-1,1
TCATTACCAAGGACTG-1,2
TCATTACCACACTGCG-1,1
TCATTACGTAAGGGAA-1,1
TCATTACGTAGCGCAA-1,3
TCATTACGTGCACTTA-1,1
TCATTTGAGATGTTAG-1,2
TCATTTGAGCCATCGC-1,2
TCATTTGAGCTATGCT-1,3
TCATTTGCAGGATCGA-1,1
TCATTTGCATGATCCA-1,3
TCATTTGGTTAAGATG-1,1
TCCACACAGACTGGGT-1,1
TCCACACAGGGTTCCC-1,2
TCCACACAGTTTCCTT-1,1
TCCACACGTCTCAACA-1,1
TCCACACGTTGGGACA-1,1
TCCACACTCTAGCACA-1,2
TCCCGATAGGACACCA-1,1
TCCCGATAGGAGTCTG-1,2
TCCCGATCAATGTAAG-1,1
TCCCGATCAGCGTTCG-1,3
TCGAGGCAGAAACGCC-1,2
TCGAGGCCAATGCCAT-1,2
TCGAGGCGTAAAGTCA-1,2
TCGAGGCGTGAAATCA-1,2
TCGAGGCGTGTTTGTG-1,3
TCGAGGCGTTATGTGC-1,1
TCGAGGCTCAATCTCT-1,1
TCGAGGCTCTCGAGTA-1,2
TCGCGAGAGCTGTTCA-1,3
TCGCGAGCAGCTTCGG-1,2
TCGCGAGGTGATAAGT-1,1
TCGCGAGTCCATGCTC-1,1
TCGCGTTAGATGTAAC-1,1
TCGCGTTAGGCCGAAT-1,4
TCGCGTTAGTACGCGA-1,6
TCGCGTTAGTAGTGCG-1,1
TCGCGTTCAATGGAAT-1,3
TCGCGTTCAGCGAACA-1,4
TCGCGTTGTCCATGAT-1,1
TCGCGTTGTCCTAGCG-1,1
TCGCGTTGTCCTCCAT-1,1
TCGCGTTGTTCATGGT-1,1
TCGCGTTTCCCATTTA-1,1
TCGCGTTTCCTCAACC-1,1
TCGCGTTTCCTTTCTC-1,4
TCGCGTTTCTCGGACG-1,1
TCGCGTTTCTGTTTGT-1,2
TCGGGACAGATGCCAG-1,3
TCGGGACAGTTCGCAT-1,1
TCGGGACTCATCTGTT-1,2
TCGGGACTCCGTACAA-1,1
TCGGGACTCGTGGTCG-1,3
TCGGTAAAGATATGCA-1,1
TCGGTAAAGATCGGGT-1,3
TCGGTAAAGGATGGAA-1,1
TCGGTAAAGTGTTTGC-1,2
TCGGTAAGTGACTACT-1,1
TCGGTAAGTTATCCGA-1,2
TCGGTAAGTTGCCTCT-1,1
TCGGTAATCCAAGTAC-1,1
TCGGTAATCCTAGTGA-1,1
TCGTACCAGGAATTAC-1,1
TCGTACCCATGCAACT-1,1
TCGTACCGTCAATACC-1,1
TCGTACCGTCGAACAG-1,1
TCGTACCTCTGTCCGT-1,3
TCGTAGAAGTGTGAAT-1,1
TCGTAGACAGGAATCG-1,2
TCGTAGACATGTTGAC-1,1
TCGTAGAGTCAATGTC-1,1
TCGTAGAGTCGAAAGC-1,2
TCGTAGAGTCTCAACA-1,1
TCGTAGAGTGCTGTAT-1,2
TCGTAGATCGATCCCT-1,3
TCGTAGATCGCAAGCC-1,1
TCGTAGATCTCTAGGA-1,1
TCGTAGATCTCTGCTG-1,2
TCTATTGAGTGTTAGA-1,1
TCTATTGGTTTCGCTC-1,3
TCTATTGTCCGAACGC-1,1
TCTCATAAGACCTTTG-1,2
TCTCATACAAGCCTAT-1,1
TCTCATACAGCTCCGA-1,3
TCTCATACAGTATCTG-1,1
TCTCATAGTAAACCTC-1,2
TCTCATAGTTCTGTTT-1,1
TCTCATATCAGCAACT-1,1
TCTCATATCGGCTACG-1,1
TCTCTAAAGAGACTTA-1,5
TCTCTAAAGCAGATCG-1,1
TCTCTAAAGGTGTTAA-1,1
TCTCTAAAGTGTCCAT-1,1
TCTCTAACAAGGTTCT-1,1
TCTCTAACACACAGAG-1,1
TCTCTAACAGACAGGT-1,2
TCTCTAACATAACCTG-1,1
TCTCTAAGTAAGTGGC-1,2
TCTCTAAGTACACCGC-1,1
TCTCTAAGTAGCCTCG-1,1
TCTCTAAGTTCACCTC-1,2
TCTCTAATCAGAAATG-1,2
TCTCTAATCCTGTACC-1,3
TCTGAGAAGATCACGG-1,1
TCTGAGACAAAGTGCG-1,1
TCTGAGACATATGGTC-1,2
TCTGAGACATGGTCTA-1,1
TCTGAGACATTCCTGC-1,1
TCTGAGAGTCAAACTC-1,2
TCTGAGAGTCAGAAGC-1,1
TCTGAGAGTCGCGAAA-1,2
TCTGAGAGTCTGATTG-1,1
TCTGAGATCCCTAACC-1,1
TCTGAGATCCGTAGTA-1,1
TCTGAGATCGGAATCT-1,2
TCTGAGATCTCACATT-1,1
TCTGGAACAATGAAAC-1,1
TCTGGAACAGCCTTTC-1,3
TCTGGAACATCTCCCA-1,1
TCTGGAAGTACAGTTC-1,2
TCTGGAAGTCAGAATA-1,3
TCTGGAAGTGCTCTTC-1,2
TCTGGAAGTGGCAAAC-1,3
TCTGGAATCGTTGCCT-1,1
TCTTCGGAGCGTTCCG-1,1
TCTTCGGAGCTAACAA-1,2
TCTTCGGAGGTTCCTA-1,1
TCTTCGGCAGGAATCG-1,1
TCTTCGGGTACCGCTG-1,2
TCTTCGGGTAGCGCAA-1,2
TCTTCGGGTAGCGTGA-1,1
TCTTCGGGTCAGATAA-1,1
TCTTCGGGTCCGTGAC-1,1
TCTTCGGGTCTCCCTA-1,2
TCTTCGGGTTTCCACC-1,1
TCTTCGGTCGCGCCAA-1,3
TCTTCGGTCTCTGAGA-1,1
TCTTCGGTCTGGTATG-1,3
TCTTTCCAGAGTCGGT-1,1
TCTTTCCAGCCCTAAT-1,2
TCTTTCCAGCTAGTGG-1,1
TCTTTCCAGTAGTGCG-1,1
TCTTTCCCACACATGT-1,1
TCTTTCCGTGCCTGGT-1,1
TCTTTCCTCTTAGCCC-1,2
TGAAAGAAGCATCATC-1,1
TGAAAGAAGCCACTAT-1,2
TGAAAGAAGCGTGTCC-1,2
TGAAAGAAGGCGATAC-1,2
TGAAAGAAGTCGAGTG-1,1
TGAAAGACATCTGGTA-1,2
TGAAAGAGTACGACCC-1,1
TGAAAGATCACCACCT-1,3
TGAAAGATCCACGCAG-1,1
TGACAACAGATCGATA-1,1
TGACAACAGGGATGGG-1,1
TGACAACAGTGCGTGA-1,1
TGACAACCAAGCCGCT-1,2
TGACAACGTGAAATCA-1,1
TGACAACGTGTTCTTT-1,1
TGACAACTCCCGACTT-1,1
TGACAACTCCTTCAAT-1,1
TGACAACTCGACCAGC-1,2
TGACAACTCTGGCGTG-1,3
TGACAACTCTTATCTG-1,4
TGACGGCAGCGACGTA-1,3
TGACGGCCACGAAAGC-1,1
TGACGGCGTGCTTCTC-1,1
TGACGGCGTTACGGAG-1,1
TGACGGCGTTGGTGGA-1,2
TGACGGCTCAAGAAGT-1,1
TGACGGCTCCTTGGTC-1,3
TGACTAGAGACAATAC-1,1
TGACTAGAGAGTGACC-1,1
TGACTAGAGCCAGAAC-1,1
TGACTAGCAAAGCAAT-1,1
TGACTAGCATCCGCGA-1,1
TGACTAGCATTGTGCA-1,2
TGACTAGGTCCAGTTA-1,1
TGACTAGGTTAAAGAC-1,1
TGACTAGGTTCAGTAC-1,1
TGACTAGTCTCTGCTG-1,1
TGACTTTAGGAGTTGC-1,3
TGACTTTCAGCTCGAC-1,2
TGACTTTCATCTACGA-1,1
TGACTTTGTCCCGACA-1,3
TGACTTTGTCTCTTAT-1,1
TGACTTTTCAGCGATT-1,1
TGACTTTTCGGATGGA-1,1
TGACTTTTCTCATTCA-1,3
TGAGAGGAGAGCTATA-1,2
TGAGAGGAGCCAGGAT-1,1
TGAGAGGCAAGGACTG-1,2
TGAGAGGCACGTTGGC-1,4
TGAGAGGCAGCATGAG-1,2
TGAGAGGCAGGCAGTA-1,1
TGAGAGGGTAGAAGGA-1,3
TGAGAGGGTTAGGGTG-1,2
TGAGAGGTCCTGCCAT-1,1
TGAGCATAGATCCCGC-1,1
TGAGCATAGTAGATGT-1,1
TGAGCATAGTGGACGT-1,4
TGAGCATCAACTGCGC-1,1
TGAGCATCACCGAAAG-1,1
TGAGCATCACGCTTTC-1,3
TGAGCATCAGAGCCAA-1,2
TGAGCATGTTCCGTCT-1,1
TGAGCATTCAACACCA-1,1
TGAGCATTCACCTTAT-1,1
TGAGCATTCAGCGACC-1,1
TGAGCATTCATCGATG-1,2
TGAGCATTCCTTTCGG-1,3
TGAGCCGAGAACAACT-1,1
TGAGCCGAGAGACTTA-1,2
TGAGCCGAGATGGGTC-1,2
TGAGCCGAGGCCCTCA-1,1
TGAGCCGAGTATTGGA-1,1
TGAGCCGAGTTGAGAT-1,1
TGAGCCGGTACAGACG-1,1
TGAGCCGGTAGAGTGC-1,2
TGAGCCGGTATGGTTC-1,1
TGAGCCGTCCGTCATC-1,1
TGAGCCGTCTCGCATC-1,1
TGAGGGAAGCAAATCA-1,2
TGAGGGAAGCCCTAAT-1,1
TGAGGGAAGTTGAGAT-1,4
TGAGGGACAAACCCAT-1,1
TGAGGGACACCAGATT-1,1
TGAGGGACACGAAATA-1,1
TGAGGGACAGATGGCA-1,1
TGAGGGACAGGATTGG-1,1
TGAGGGAGTCTTGTCC-1,2
TGAGGGAGTGCTCTTC-1,1
TGAGGGAGTGTGACGA-1,1
TGAGGGATCAACGAAA-1,2
TGAGGGATCGACCAGC-1,1
TGAGGGATCTAACTCT-1,2
TGATTTCAGTGGTAGC-1,4
TGATTTCCAACTGGCC-1,1
TGATTTCCAACTTGAC-1,1
TGATTTCCAGCTGTGC-1,1
TGATTTCGTACCGTTA-1,1
TGATTTCGTCGAATCT-1,1
TGATTTCGTGATGTGG-1,1
TGATTTCTCAGTGCAT-1,2
TGATTTCTCGCTTAGA-1,1
TGATTTCTCGGCATCG-1,1
TGATTTCTCGGTGTTA-1,1
TGATTTCTCTTTACGT-1,3
TGCACCTAGACCGGAT-1,1
TGCACCTAGCTTCGCG-1,2
TGCACCTAGGTGCACA-1,3
TGCACCTAGTCCTCCT-1,1
TGCACCTCAAACGCGA-1,1
TGCACCTCAGAGTGTG-1,1
TGCACCTTCAAGGTAA-1,3
TGCACCTTCTAACTGG-1,2
TGCACCTTCTCGCTTG-1,1
TGCCAAAAGACACGAC-1,1
TGCCAAAAGCGTTGCC-1,1
TGCCAAAAGGCAAAGA-1,1
TGCCAAACACAACGTT-1,4
TGCCAAACACAGCCCA-1,1
TGCCAAACATCCGTGG-1,1
TGCCAAAGTACAGTGG-1,1
TGCCAAAGTAGAGTGC-1,1
TGCCAAATCACGCGGT-1,3
TGCCAAATCATAACCG-1,1
TGCCAAATCGACGGAA-1,1
TGCCAAATCGCTGATA-1,1
TGCCCATAGAATTGTG-1,1
TGCCCATAGATCTGCT-1,1
TGCCCATAGATGTCGG-1,1
TGCCCATAGCAGACTG-1,1
TGCCCATAGTACACCT-1,1
TGCCCATCACTAGTAC-1,1
TGCCCATGTAAAGTCA-1,1
TGCCCATTCAGCTCTC-1,4
TGCCCATTCTTTACAC-1,1
TGCCCTAAGAATTCCC-1,2
TGCCCTAAGGTGTTAA-1,1
TGCCCTAAGTCCCACG-1,3
TGCCCTACAGCTGCTG-1,3
TGCCCTACATTAGGCT-1,1
TGCCCTACATTGGCGC-1,1
TGCCCTAGTACACCGC-1,2
TGCCCTAGTTAGATGA-1,1
TGCCCTAGTTTGACTG-1,1
TGCCCTATCGGCTTGG-1,2
TGCGCAGGTACTCAAC-1,2
TGCGCAGGTCGCTTTC-1,2
TGCGCAGGTCTCGTTC-1,1
TGCGCAGTCGCCGTGA-1,1
TGCGCAGTCGGACAAG-1,3
TGCGCAGTCTTCATGT-1,2
TGCGGGTAGACATAAC-1,1
TGCGGGTAGCGATTCT-1,1
TGCGGGTCAGACGCTC-1,2
TGCGGGTCATAGTAAG-1,1
TGCGGGTCATCAGTCA-1,2
TGCGGGTCATCGGTTA-1,1
TGCGGGTGTATAGGTA-1,1
TGCGGGTGTTTAGGAA-1,1
TGCGGGTTCATTCACT-1,1
TGCGGGTTCGCCAAAT-1,1
TGCGGGTTCTAAGCCA-1,1
TGCGTGGAGCCTATGT-1,1
TGCGTGGAGCTAAGAT-1,1
TGCGTGGAGCTACCTA-1,1
TGCGTGGAGGACAGAA-1,1
TGCGTGGAGTATCGAA-1,2
TGCGTGGAGTTTGCGT-1,1
TGCGTGGCACAGTCGC-1,2
TGCGTGGGTAATAGCA-1,3
TGCGTGGGTACGACCC-1,1
TGCGTGGGTCTCTCTG-1,1
TGCGTGGGTTAAAGTG-1,2
TGCGTGGTCAACCATG-1,1
TGCTACCAGGACAGAA-1,1
TGCTACCAGGCGCTCT-1,5
TGCTACCAGTGAATTG-1,1
TGCTACCCAATCAGAA-1,3
TGCTACCGTCGCCATG-1,3
TGCTACCGTTGTCGCG-1,2
TGCTACCTCGCTGATA-1,1
TGCTACCTCGCTTAGA-1,1
TGCTGCTAGCCGCCTA-1,1
TGCTGCTAGGTGCAAC-1,1
TGCTGCTAGTCGATAA-1,1
TGCTGCTCACCTCGTT-1,1
TGCTGCTGTACTTCTT-1,1
TGCTGCTGTGGCGAAT-1,1
TGCTGCTTCAATCTCT-1,1
TGCTGCTTCACCGTAA-1,1
TGCTGCTTCTGAGTGT-1,1
TGGACGCAGCTCTCGG-1,1
TGGACGCAGGACCACA-1,1
TGGACGCCAATGTAAG-1,2
TGGACGCCAGTCCTTC-1,1
TGGACGCGTCGCGTGT-1,3
TGGACGCGTCTCATCC-1,4
TGGACGCGTCTCTCGT-1,2
TGGACGCGTGCACTTA-1,1
TGGACGCTCACAAACC-1,1
TGGACGCTCGGTGTTA-1,2
TGGACGCTCGTCGTTC-1,2
TGGCCAGAGGGATGGG-1,1
TGGCCAGAGTGAAGTT-1,1
TGGCCAGAGTGCGTGA-1,2
TGGCCAGCAGACAAGC-1,1
TGGCCAGCATGTTGAC-1,4
TGGCCAGGTCTAACGT-1,1
TGGCCAGTCTACTCAT-1,2
TGGCCAGTCTCGTTTA-1,1
TGGCGCAAGTGCCATT-1,1
TGGCGCACAAGAAAGG-1,3
TGGCGCACAATACGCT-1,1
TGGCGCACAATCTACG-1,1
TGGCGCACAGTTCATG-1,2
TGGCGCAGTAGCGTCC-1,1
TGGCGCAGTATAATGG-1,1
TGGCGCAGTTCACCTC-1,1
TGGCGCATCGCCAAAT-1,2
TGGCGCATCTACCAGA-1,1
TGGCTGGAGAGGTTGC-1,3
TGGCTGGAGGAGCGTT-1,2
TGGCTGGAGTCAAGGC-1,1
TGGCTGGAGTCTTGCA-1,1
TGGCTGGCACAACTGT-1,1
TGGCTGGCACATTCGA-1,1
TGGCTGGCACGGCCAT-1,3
TGGCTGGCATCACCCT-1,1
TGGCTGGCATCTGGTA-1,3
TGGCTGGGTAGAGGAA-1,2
TGGCTGGGTATGAATG-1,1
TGGCTGGGTCCCTTGT-1,4
TGGCTGGGTGTTGGGA-1,1
TGGCTGGGTTTCGCTC-1,1
TGGCTGGTCAATCACG-1,2
TGGCTGGTCAGTGTTG-1,1
TGGCTGGTCATAGCAC-1,2
TGGCTGGTCGATCCCT-1,1
TGGCTGGTCTGCTGCT-1,1
TGGGAAGAGCATCATC-1,1
TGGGAAGAGGTGCTAG-1,1
TGGGAAGAGTCCGTAT-1,1
TGGGAAGGTCTCATCC-1,4
TGGGAAGGTTACAGAA-1,1
TGGGAAGTCAGGATCT-1,1
TGGGAAGTCCGAACGC-1,1
TGGGCGTAGCGATGAC-1,4
TGGGCGTAGGACACCA-1,1
TGGGCGTCATGACATC-1,3
TGGGCGTGTAGCCTAT-1,1
TGGGCGTGTGTGAATA-1,2
TGGGCGTTCCTATTCA-1,1
TGGGCGTTCTGTCTCG-1,2
TGGTTAGAGAGACTTA-1,1
TGGTTAGAGAGAGCTC-1,1
TGGTTAGCACAGCGTC-1,3
TGGTTAGCACATGGGA-1,1
TGGTTAGTCAACCATG-1,2
TGGTTCCAGAAGCCCA-1,1
TGGTTCCAGAATGTGT-1,1
TGGTTCCAGCCAGGAT-1,2
TGGTTCCCAATAGCAA-1,1
TGGTTCCCATAGGATA-1,1
TGGTTCCGTCTTTCAT-1,1
TGGTTCCGTTGAACTC-1,1
TGGTTCCTCCAAACTG-1,2
TGGTTCCTCTCTTGAT-1,1
TGTATTCAGATACACA-1,2
TGTATTCAGGACATTA-1,3
TGTATTCCAAGTCTAC-1,2
TGTATTCCACGAAACG-1,1
TGTATTCCATTGCGGC-1,2
TGTATTCTCGTATCAG-1,1
TGTCCCACACAGGCCT-1,2
TGTCCCACAGTAACGG-1,1
TGTGGTACAAGGGTCA-1,3
TGTGGTACAGCTGTTA-1,1
TGTGGTAGTACAGACG-1,1
TGTGGTAGTAGCTGCC-1,1
TGTGGTAGTTCGCGAC-1,1
TGTGTTTAGATGTTAG-1,2
TGTGTTTAGCTACCGC-1,2
TGTGTTTCATTCTCAT-1,1
TGTGTTTGTCAACATC-1,1
TGTGTTTGTCTAACGT-1,1
TGTGTTTGTTCACCTC-1,1
TGTTCCGAGCCGTCGT-1,4
TGTTCCGAGTCCAGGA-1,1
TGTTCCGCAGCCTGTG-1,2
TGTTCCGGTCATGCAT-1,1
TGTTCCGTCCAAACAC-1,1
TGTTCCGTCCGCAGTG-1,1
TGTTCCGTCGTTGCCT-1,1
TTAACTCAGTGTACGG-1,2
TTAACTCCACGGTGTC-1,1
TTAACTCCAGAGTGTG-1,2
TTAACTCGTACAGCAG-1,1
TTAACTCGTACCGAGA-1,1
TTAACTCGTGTGCGTC-1,1
TTAACTCGTTACGGAG-1,1
TTAGGACAGATCCCGC-1,1
TTAGGACCACATTAGC-1,1
TTAGGACCACCCATGG-1,1
TTAGGACCAGACAAAT-1,2
TTAGGACGTAATCGTC-1,1
TTAGGACTCAATACCG-1,3
TTAGGACTCAGCATGT-1,1
TTAGGACTCAGCTTAG-1,2
TTAGGACTCATTGCGA-1,2
TTAGGACTCTACTATC-1,2
TTAGGACTCTTTACAC-1,1
TTAGGCAAGGTGCAAC-1,3
TTAGGCACACACAGAG-1,3
TTAGGCACACCTCGTT-1,1
TTAGGCAGTACCTACA-1,1
TTAGGCAGTCCGTCAG-1,1
TTAGGCAGTTATCACG-1,3
TTAGGCAGTTCGGGCT-1,1
TTAGGCAGTTGTGGCC-1,2
TTAGGCATCCAGAAGG-1,2
TTAGTTCAGGGTTCCC-1,3
TTAGTTCCAAATACAG-1,1
TTAGTTCCACATTCGA-1,1
TTAGTTCCACTACAGT-1,3
TTAGTTCGTTCAGGCC-1,1
TTAGTTCTCAATCTCT-1,2
TTATGCTAGAACAATC-1,2
TTATGCTAGAAGGTTT-1,1
TTATGCTAGATGCGAC-1,2
TTATGCTAGGCCCTCA-1,2
TTATGCTAGTTCGCAT-1,3
TTATGCTCACTCAGGC-1,1
TTATGCTGTACCAGTT-1,1
TTATGCTTCGCGGATC-1,2
TTATGCTTCGCTTAGA-1,3
TTATGCTTCTAAGCCA-1,3
TTATGCTTCTTAACCT-1,1
TTATGCTTCTTCAACT-1,1
TTCCCAGAGAGCAATT-1,1
TTCCCAGAGTACGCCC-1,2
TTCCCAGAGTTGTCGT-1,2
TTCCCAGCAATTGCTG-1,3
TTCCCAGCAGGGTATG-1,3
TTCCCAGCAGTACACT-1,2
TTCCCAGGTACCGTTA-1,1
TTCCCAGGTCTAAACC-1,1
TTCCCAGGTTACCGAT-1,3
TTCCCAGGTTATTCTC-1,1
TTCCCAGTCAGATAAG-1,2
TTCCCAGTCCTTTCTC-1,1
TTCCCAGTCGTTTATC-1,1
TTCCCAGTCTGAGTGT-1,2
TTCGAAGAGCCTATGT-1,5
TTCGAAGCATGCAACT-1,3
TTCGAAGGTAAGAGGA-1,3
TTCGAAGGTCGACTAT-1,1
TTCGAAGGTCGGATCC-1,1
TTCGAAGTCACTCTTA-1,3
TTCGAAGTCAGTTAGC-1,2
TTCGAAGTCTCATTCA-1,3
TTCGAAGTCTCGTTTA-1,1
TTCGGTCAGGCGATAC-1,2
TTCGGTCAGTAGTGCG-1,2
TTCGGTCCAGCGATCC-1,1
TTCGGTCGTACACCGC-1,1
TTCGGTCGTACCATCA-1,1
TTCGGTCGTCAACTGT-1,1
TTCGGTCGTGATGTGG-1,1
TTCGGTCTCACCCGAG-1,1
TTCGGTCTCTGCGTAA-1,3
TTCGGTCTCTGTCAAG-1,2
TTCTACAAGACCACGA-1,1
TTCTACAAGACGCAAC-1,1
TTCTACAAGGCCGAAT-1,2
TTCTACAAGTATCTCG-1,2
TTCTACACAAGAAAGG-1,4
TTCTACACAAGTCTGT-1,2
TTCTACACACAGAGGT-1,3
TTCTACAGTCTCTTTA-1,3
TTCTACAGTGTCAATC-1,3
TTCTACATCATAACCG-1,1
TTCTACATCCTTGGTC-1,2
TTCTACATCGAGCCCA-1,3
TTCTACATCTACTCAT-1,3
TTCTCAAAGTAACCCT-1,1
TTCTCAACATGGGAAC-1,1
TTCTCAAGTAAAGTCA-1,2
TTCTCAAGTCCATGAT-1,1
TTCTCAAGTGCCTGCA-1,1
TTCTCAAGTGTTAAGA-1,1
TTCTCAAGTGTTGGGA-1,1
TTCTCAATCACGGTTA-1,1
TTCTCAATCGTGGGAA-1,2
TTCTCAATCTGTCAAG-1,1
TTCTCCTAGCGATGAC-1,3
TTCTCCTAGGATTCGG-1,1
TTCTCCTAGTAGATGT-1,3
TTCTCCTCAAAGAATC-1,1
TTCTCCTCACAGATTC-1,2
TTCTCCTCACTGCCAG-1,1
TTCTCCTCATCCCATC-1,2
TTCTCCTGTCAGAAGC-1,1
TTCTCCTTCCGCGTTT-1,1
TTCTCCTTCGCATGGC-1,2
TTCTTAGAGTGATCGG-1,1
TTCTTAGAGTGTGGCA-1,2
TTCTTAGCAGTCAGAG-1,2
TTCTTAGGTAAACCTC-1,4
TTCTTAGTCACTTCAT-1,1
TTCTTAGTCCCTGACT-1,1
TTCTTAGTCTCCTATA-1,3
TTCTTAGTCTGTCTCG-1,2
TTGAACGAGGTCATCT-1,2
TTGAACGAGTACGATA-1,1
TTGAACGAGTTCGCGC-1,2
TTGAACGCAGGATTGG-1,1
TTGAACGCAGTTTACG-1,1
TTGAACGCATCGGTTA-1,1
TTGAACGGTGTTCGAT-1,1
TTGAACGGTTGCCTCT-1,1
TTGACTTAGAGCTATA-1,2
TTGACTTCACTTAAGC-1,1
TTGACTTGTGAGGGAG-1,1
TTGACTTTCGGTTAAC-1,3
TTGACTTTCTTTACGT-1,1
TTGCCGTAGGTGATAT-1,1
TTGCCGTAGGTGCTAG-1,1
TTGCCGTCAGGTGGAT-1,1
TTGCCGTCATCATCCC-1,2
TTGCCGTCATCGATGT-1,2
TTGCCGTCATCTACGA-1,1
TTGCCGTCATGAAGTA-1,2
TTGCCGTGTAACGCGA-1,2
TTGCCGTGTACTTGAC-1,1
TTGCCGTGTGGCAAAC-1,1
TTGCCGTGTTGCGTTA-1,1
TTGCCGTTCACCCGAG-1,1
TTGCCGTTCACTTCAT-1,1
TTGCCGTTCCGCATCT-1,1
TTGCGTCAGACAAAGG-1,1
TTGCGTCAGCAGCGTA-1,3
TTGCGTCAGGAGTAGA-1,1
TTGCGTCAGGCCGAAT-1,1
TTGCGTCCAATCAGAA-1,1
TTGCGTCCAGCGTCCA-1,2
TTGCGTCCAGGGAGAG-1,2
TTGCGTCCATACGCCG-1,4
TTGCGTCTCAGAGCTT-1,1
TTGCGTCTCATTGCGA-1,1
TTGCGTCTCGCATGGC-1,2
TTGGAACAGAATTGTG-1,2
TTGGAACAGATAGGAG-1,2
TTGGAACAGCTAGGCA-1,2
TTGGAACCAAGTCTGT-1,1
TTGGAACCACATCTTT-1,1
TTGGAACCACCGGAAA-1,1
TTGGAACCACTATCTT-1,2
TTGGAACCAGGAACGT-1,1
TTGGAACCATGCAACT-1,2
TTGGAACGTCAAGCGA-1,2
TTGGAACGTCGACTGC-1,3
TTGGAACGTCTTTCAT-1,1
TTGGAACGTTAAGAAC-1,1
TTGGAACTCGGCGCTA-1,2
TTGGAACTCTTGTATC-1,4
TTGGAACTCTTTACGT-1,1
TTGGCAAAGAGCTTCT-1,1
TTGGCAACATTAGGCT-1,3
TTGGCAAGTAGCCTCG-1,1
TTGGCAAGTAGCTAAA-1,1
TTGGCAAGTTTAGCTG-1,1
TTGGCAATCACAAACC-1,1
TTGGCAATCAGCATGT-1,2
TTGGCAATCGTGGACC-1,1
TTGGCAATCTACCTGC-1,1
TTGGCAATCTTACCTA-1,1
TTGTAGGAGATATACG-1,1
TTGTAGGAGCAATCTC-1,1
TTGTAGGAGCGCTCCA-1,1
TTGTAGGAGGGCACTA-1,1
TTGTAGGCATGTCCTC-1,2
TTGTAGGGTGAGGGTT-1,1
TTGTAGGGTGCATCTA-1,2
TTGTAGGGTGGTCTCG-1,1
TTGTAGGTCTAACTGG-1,1
TTGTAGGTCTTAGCCC-1,1
TTGTAGGTCTTGTATC-1,1
TTTACTGAGAAACGAG-1,1
TTTACTGAGCCCGAAA-1,1
TTTACTGCAATGGAAT-1,1
TTTACTGCACCCATTC-1,1
TTTACTGCAGACGCAA-1,3
TTTACTGCAGCTTAAC-1,1
TTTACTGGTAAGCACG-1,3
TTTACTGGTGTGACGA-1,3
TTTACTGTCAGAGACG-1,4
TTTACTGTCCGCGTTT-1,2
TTTACTGTCGCAAGCC-1,1
TTTACTGTCGCCTGAG-1,2
TTTACTGTCTATCGCC-1,1
TTTATGCAGACGCACA-1,4
TTTATGCAGGTGACCA-1,2
TTTATGCAGTAGGTGC-1,2
TTTATGCAGTGCGTGA-1,2
TTTATGCCATGACGGA-1,2
TTTATGCGTAAGCACG-1,1
TTTATGCGTCCGCTGA-1,1
TTTATGCGTCTGCAAT-1,2
TTTATGCGTGCCTTGG-1,1
TTTATGCTCAGTCCCT-1,1
TTTATGCTCATATCGG-1,1
TTTATGCTCGGTGTTA-1,1
TTTCCTCAGAGTACCG-1,1
TTTCCTCAGTAAGTAC-1,1
TTTCCTCCATTAGGCT-1,2
TTTCCTCGTACCATCA-1,1
TTTCCTCGTGCACTTA-1,1
TTTCCTCGTTATGCGT-1,1
TTTCCTCTCGTTGACA-1,1
TTTCCTCTCTAACTTC-1,1
TTTCCTCTCTATCCTA-1,2
TTTGCGCAGGATATAC-1,1
TTTGCGCAGGGATCTG-1,3
TTTGCGCAGTACGATA-1,2
TTTGCGCGTAAGAGGA-1,2
TTTGCGCGTCAGTGGA-1,1
TTTGCGCGTCCCTTGT-1,1
TTTGCGCTCAGCTGGC-1,2
TTTGCGCTCGCCATAA-1,1
TTTGCGCTCGCGTAGC-1,2
TTTGGTTAGCTTATCG-1,1
TTTGGTTAGGGTATCG-1,2
TTTGGTTAGTGTTGAA-1,2
TTTGGTTCACAGATTC-1,2
TTTGGTTCACCACGTG-1,1
TTTGGTTCAGATCTGT-1,1
TTTGGTTCATGACGGA-1,2
TTTGTCAAGCGTGAAC-1,1
TTTGTCACACCCAGTG-1,3
TTTGTCACAGATGAGC-1,1
TTTGTCACATTACGAC-1,4
TTTGTCAGTAAATGTG-1,4
TTTGTCAGTAATCACC-1,1
TTTGTCAGTAGAGCTG-1,3
TTTGTCAGTAGCGTGA-1,1
TTTGTCAGTCCCTTGT-1,1
TTTGTCAGTCGATTGT-1,1
TTTGTCATCACAATGC-1,1
